date,value,ticker,data_flag
2020-01-01,,BAMLH0A0HYM2,actual
2020-01-02,3.56,BAMLH0A0HYM2,actual
2020-01-03,3.61,BAMLH0A0HYM2,actual
2020-01-06,3.57,BAMLH0A0HYM2,actual
2020-01-07,3.54,BAMLH0A0HYM2,actual
2020-01-08,3.5,BAMLH0A0HYM2,actual
2020-01-09,3.49,BAMLH0A0HYM2,actual
2020-01-10,3.48,BAMLH0A0HYM2,actual
2020-01-13,3.48,BAMLH0A0HYM2,actual
2020-01-14,3.45,BAMLH0A0HYM2,actual
2020-01-15,3.44,BAMLH0A0HYM2,actual
2020-01-16,3.42,BAMLH0A0HYM2,actual
2020-01-17,3.39,BAMLH0A0HYM2,actual
2020-01-20,3.38,BAMLH0A0HYM2,actual
2020-01-21,3.47,BAMLH0A0HYM2,actual
2020-01-22,3.49,BAMLH0A0HYM2,actual
2020-01-23,3.58,BAMLH0A0HYM2,actual
2020-01-24,3.68,BAMLH0A0HYM2,actual
2020-01-27,4.03,BAMLH0A0HYM2,actual
2020-01-28,3.86,BAMLH0A0HYM2,actual
2020-01-29,3.83,BAMLH0A0HYM2,actual
2020-01-30,3.95,BAMLH0A0HYM2,actual
2020-01-31,4.03,BAMLH0A0HYM2,actual
2020-02-03,3.97,BAMLH0A0HYM2,actual
2020-02-04,3.85,BAMLH0A0HYM2,actual
2020-02-05,3.75,BAMLH0A0HYM2,actual
2020-02-06,3.7,BAMLH0A0HYM2,actual
2020-02-07,3.75,BAMLH0A0HYM2,actual
2020-02-10,3.75,BAMLH0A0HYM2,actual
2020-02-11,3.65,BAMLH0A0HYM2,actual
2020-02-12,3.59,BAMLH0A0HYM2,actual
2020-02-13,3.57,BAMLH0A0HYM2,actual
2020-02-14,3.56,BAMLH0A0HYM2,actual
2020-02-17,3.56,BAMLH0A0HYM2,actual
2020-02-18,3.61,BAMLH0A0HYM2,actual
2020-02-19,3.57,BAMLH0A0HYM2,actual
2020-02-20,3.62,BAMLH0A0HYM2,actual
2020-02-21,3.66,BAMLH0A0HYM2,actual
2020-02-24,4.03,BAMLH0A0HYM2,actual
2020-02-25,4.18,BAMLH0A0HYM2,actual
2020-02-26,4.27,BAMLH0A0HYM2,actual
2020-02-27,4.62,BAMLH0A0HYM2,actual
2020-02-28,5.04,BAMLH0A0HYM2,actual
2020-02-29,5.06,BAMLH0A0HYM2,actual
2020-03-02,4.97,BAMLH0A0HYM2,actual
2020-03-03,4.84,BAMLH0A0HYM2,actual
2020-03-04,4.75,BAMLH0A0HYM2,actual
2020-03-05,5.05,BAMLH0A0HYM2,actual
2020-03-06,5.64,BAMLH0A0HYM2,actual
2020-03-09,6.68,BAMLH0A0HYM2,actual
2020-03-10,6.38,BAMLH0A0HYM2,actual
2020-03-11,6.61,BAMLH0A0HYM2,actual
2020-03-12,7.42,BAMLH0A0HYM2,actual
2020-03-13,7.31,BAMLH0A0HYM2,actual
2020-03-16,8.38,BAMLH0A0HYM2,actual
2020-03-17,8.41,BAMLH0A0HYM2,actual
2020-03-18,9.04,BAMLH0A0HYM2,actual
2020-03-19,9.82,BAMLH0A0HYM2,actual
2020-03-20,10.09,BAMLH0A0HYM2,actual
2020-03-23,10.87,BAMLH0A0HYM2,actual
2020-03-24,10.55,BAMLH0A0HYM2,actual
2020-03-25,10.11,BAMLH0A0HYM2,actual
2020-03-26,9.29,BAMLH0A0HYM2,actual
2020-03-27,8.99,BAMLH0A0HYM2,actual
2020-03-30,8.82,BAMLH0A0HYM2,actual
2020-03-31,8.77,BAMLH0A0HYM2,actual
2020-04-01,9.11,BAMLH0A0HYM2,actual
2020-04-02,9.17,BAMLH0A0HYM2,actual
2020-04-03,9.43,BAMLH0A0HYM2,actual
2020-04-06,9.26,BAMLH0A0HYM2,actual
2020-04-07,8.88,BAMLH0A0HYM2,actual
2020-04-08,8.81,BAMLH0A0HYM2,actual
2020-04-09,7.96,BAMLH0A0HYM2,actual
2020-04-10,,BAMLH0A0HYM2,actual
2020-04-13,7.7,BAMLH0A0HYM2,actual
2020-04-14,7.35,BAMLH0A0HYM2,actual
2020-04-15,7.64,BAMLH0A0HYM2,actual
2020-04-16,7.58,BAMLH0A0HYM2,actual
2020-04-17,7.31,BAMLH0A0HYM2,actual
2020-04-20,7.52,BAMLH0A0HYM2,actual
2020-04-21,7.9,BAMLH0A0HYM2,actual
2020-04-22,7.85,BAMLH0A0HYM2,actual
2020-04-23,7.87,BAMLH0A0HYM2,actual
2020-04-24,8.03,BAMLH0A0HYM2,actual
2020-04-27,8.01,BAMLH0A0HYM2,actual
2020-04-28,8.02,BAMLH0A0HYM2,actual
2020-04-29,7.87,BAMLH0A0HYM2,actual
2020-04-30,7.63,BAMLH0A0HYM2,actual
2020-05-01,7.7,BAMLH0A0HYM2,actual
2020-05-04,7.79,BAMLH0A0HYM2,actual
2020-05-05,7.6,BAMLH0A0HYM2,actual
2020-05-06,7.6,BAMLH0A0HYM2,actual
2020-05-07,7.6,BAMLH0A0HYM2,actual
2020-05-08,7.52,BAMLH0A0HYM2,actual
2020-05-11,7.51,BAMLH0A0HYM2,actual
2020-05-12,7.42,BAMLH0A0HYM2,actual
2020-05-13,7.61,BAMLH0A0HYM2,actual
2020-05-14,7.77,BAMLH0A0HYM2,actual
2020-05-15,7.78,BAMLH0A0HYM2,actual
2020-05-18,7.41,BAMLH0A0HYM2,actual
2020-05-19,7.35,BAMLH0A0HYM2,actual
2020-05-20,7.16,BAMLH0A0HYM2,actual
2020-05-21,7.08,BAMLH0A0HYM2,actual
2020-05-22,7.06,BAMLH0A0HYM2,actual
2020-05-25,7.06,BAMLH0A0HYM2,actual
2020-05-26,6.75,BAMLH0A0HYM2,actual
2020-05-27,6.7,BAMLH0A0HYM2,actual
2020-05-28,6.6,BAMLH0A0HYM2,actual
2020-05-29,6.71,BAMLH0A0HYM2,actual
2020-05-31,6.54,BAMLH0A0HYM2,actual
2020-06-01,6.43,BAMLH0A0HYM2,actual
2020-06-02,6.18,BAMLH0A0HYM2,actual
2020-06-03,5.8,BAMLH0A0HYM2,actual
2020-06-04,5.83,BAMLH0A0HYM2,actual
2020-06-05,5.5,BAMLH0A0HYM2,actual
2020-06-08,5.51,BAMLH0A0HYM2,actual
2020-06-09,5.75,BAMLH0A0HYM2,actual
2020-06-10,5.92,BAMLH0A0HYM2,actual
2020-06-11,6.4,BAMLH0A0HYM2,actual
2020-06-12,6.28,BAMLH0A0HYM2,actual
2020-06-15,6.25,BAMLH0A0HYM2,actual
2020-06-16,5.78,BAMLH0A0HYM2,actual
2020-06-17,5.85,BAMLH0A0HYM2,actual
2020-06-18,6.01,BAMLH0A0HYM2,actual
2020-06-19,6.02,BAMLH0A0HYM2,actual
2020-06-22,6.03,BAMLH0A0HYM2,actual
2020-06-23,6.02,BAMLH0A0HYM2,actual
2020-06-24,6.23,BAMLH0A0HYM2,actual
2020-06-25,6.3,BAMLH0A0HYM2,actual
2020-06-26,6.41,BAMLH0A0HYM2,actual
2020-06-29,6.52,BAMLH0A0HYM2,actual
2020-06-30,6.44,BAMLH0A0HYM2,actual
2020-07-01,6.33,BAMLH0A0HYM2,actual
2020-07-02,6.17,BAMLH0A0HYM2,actual
2020-07-03,6.17,BAMLH0A0HYM2,actual
2020-07-06,6.03,BAMLH0A0HYM2,actual
2020-07-07,6.04,BAMLH0A0HYM2,actual
2020-07-08,6.06,BAMLH0A0HYM2,actual
2020-07-09,6.14,BAMLH0A0HYM2,actual
2020-07-10,6.14,BAMLH0A0HYM2,actual
2020-07-13,6.01,BAMLH0A0HYM2,actual
2020-07-14,6.03,BAMLH0A0HYM2,actual
2020-07-15,5.81,BAMLH0A0HYM2,actual
2020-07-16,5.76,BAMLH0A0HYM2,actual
2020-07-17,5.74,BAMLH0A0HYM2,actual
2020-07-20,5.54,BAMLH0A0HYM2,actual
2020-07-21,5.33,BAMLH0A0HYM2,actual
2020-07-22,5.28,BAMLH0A0HYM2,actual
2020-07-23,5.26,BAMLH0A0HYM2,actual
2020-07-24,5.29,BAMLH0A0HYM2,actual
2020-07-27,5.24,BAMLH0A0HYM2,actual
2020-07-28,5.27,BAMLH0A0HYM2,actual
2020-07-29,5.15,BAMLH0A0HYM2,actual
2020-07-30,5.14,BAMLH0A0HYM2,actual
2020-07-31,5.16,BAMLH0A0HYM2,actual
2020-08-03,5.08,BAMLH0A0HYM2,actual
2020-08-04,5.13,BAMLH0A0HYM2,actual
2020-08-05,5.04,BAMLH0A0HYM2,actual
2020-08-06,5.06,BAMLH0A0HYM2,actual
2020-08-07,5.06,BAMLH0A0HYM2,actual
2020-08-10,5.09,BAMLH0A0HYM2,actual
2020-08-11,5.03,BAMLH0A0HYM2,actual
2020-08-12,5.1,BAMLH0A0HYM2,actual
2020-08-13,5.16,BAMLH0A0HYM2,actual
2020-08-14,5.26,BAMLH0A0HYM2,actual
2020-08-17,5.29,BAMLH0A0HYM2,actual
2020-08-18,5.26,BAMLH0A0HYM2,actual
2020-08-19,5.25,BAMLH0A0HYM2,actual
2020-08-20,5.28,BAMLH0A0HYM2,actual
2020-08-21,5.25,BAMLH0A0HYM2,actual
2020-08-24,5.17,BAMLH0A0HYM2,actual
2020-08-25,5.07,BAMLH0A0HYM2,actual
2020-08-26,5.02,BAMLH0A0HYM2,actual
2020-08-27,4.98,BAMLH0A0HYM2,actual
2020-08-28,5.0,BAMLH0A0HYM2,actual
2020-08-31,5.02,BAMLH0A0HYM2,actual
2020-09-01,4.97,BAMLH0A0HYM2,actual
2020-09-02,4.93,BAMLH0A0HYM2,actual
2020-09-03,5.04,BAMLH0A0HYM2,actual
2020-09-04,5.13,BAMLH0A0HYM2,actual
2020-09-07,5.13,BAMLH0A0HYM2,actual
2020-09-08,5.25,BAMLH0A0HYM2,actual
2020-09-09,5.16,BAMLH0A0HYM2,actual
2020-09-10,5.16,BAMLH0A0HYM2,actual
2020-09-11,5.21,BAMLH0A0HYM2,actual
2020-09-14,5.18,BAMLH0A0HYM2,actual
2020-09-15,5.14,BAMLH0A0HYM2,actual
2020-09-16,5.07,BAMLH0A0HYM2,actual
2020-09-17,5.14,BAMLH0A0HYM2,actual
2020-09-18,5.16,BAMLH0A0HYM2,actual
2020-09-21,5.42,BAMLH0A0HYM2,actual
2020-09-22,5.45,BAMLH0A0HYM2,actual
2020-09-23,5.47,BAMLH0A0HYM2,actual
2020-09-24,5.64,BAMLH0A0HYM2,actual
2020-09-25,5.64,BAMLH0A0HYM2,actual
2020-09-28,5.52,BAMLH0A0HYM2,actual
2020-09-29,5.5,BAMLH0A0HYM2,actual
2020-09-30,5.41,BAMLH0A0HYM2,actual
2020-10-01,5.36,BAMLH0A0HYM2,actual
2020-10-02,5.38,BAMLH0A0HYM2,actual
2020-10-05,5.18,BAMLH0A0HYM2,actual
2020-10-06,5.06,BAMLH0A0HYM2,actual
2020-10-07,5.02,BAMLH0A0HYM2,actual
2020-10-08,4.97,BAMLH0A0HYM2,actual
2020-10-09,4.92,BAMLH0A0HYM2,actual
2020-10-12,4.92,BAMLH0A0HYM2,actual
2020-10-13,4.88,BAMLH0A0HYM2,actual
2020-10-14,4.89,BAMLH0A0HYM2,actual
2020-10-15,5.01,BAMLH0A0HYM2,actual
2020-10-16,4.94,BAMLH0A0HYM2,actual
2020-10-19,4.91,BAMLH0A0HYM2,actual
2020-10-20,4.9,BAMLH0A0HYM2,actual
2020-10-21,4.91,BAMLH0A0HYM2,actual
2020-10-22,4.88,BAMLH0A0HYM2,actual
2020-10-23,4.87,BAMLH0A0HYM2,actual
2020-10-26,5.03,BAMLH0A0HYM2,actual
2020-10-27,5.06,BAMLH0A0HYM2,actual
2020-10-28,5.29,BAMLH0A0HYM2,actual
2020-10-29,5.25,BAMLH0A0HYM2,actual
2020-10-30,5.25,BAMLH0A0HYM2,actual
2020-10-31,5.32,BAMLH0A0HYM2,actual
2020-11-02,5.25,BAMLH0A0HYM2,actual
2020-11-03,5.07,BAMLH0A0HYM2,actual
2020-11-04,4.79,BAMLH0A0HYM2,actual
2020-11-05,4.59,BAMLH0A0HYM2,actual
2020-11-06,4.67,BAMLH0A0HYM2,actual
2020-11-09,4.22,BAMLH0A0HYM2,actual
2020-11-10,4.37,BAMLH0A0HYM2,actual
2020-11-11,4.37,BAMLH0A0HYM2,actual
2020-11-12,4.62,BAMLH0A0HYM2,actual
2020-11-13,4.63,BAMLH0A0HYM2,actual
2020-11-16,4.5,BAMLH0A0HYM2,actual
2020-11-17,4.48,BAMLH0A0HYM2,actual
2020-11-18,4.42,BAMLH0A0HYM2,actual
2020-11-19,4.48,BAMLH0A0HYM2,actual
2020-11-20,4.49,BAMLH0A0HYM2,actual
2020-11-23,4.43,BAMLH0A0HYM2,actual
2020-11-24,4.31,BAMLH0A0HYM2,actual
2020-11-25,4.33,BAMLH0A0HYM2,actual
2020-11-26,4.33,BAMLH0A0HYM2,actual
2020-11-27,4.35,BAMLH0A0HYM2,actual
2020-11-30,4.33,BAMLH0A0HYM2,actual
2020-12-01,4.21,BAMLH0A0HYM2,actual
2020-12-02,4.17,BAMLH0A0HYM2,actual
2020-12-03,4.1,BAMLH0A0HYM2,actual
2020-12-04,4.03,BAMLH0A0HYM2,actual
2020-12-07,4.03,BAMLH0A0HYM2,actual
2020-12-08,4.03,BAMLH0A0HYM2,actual
2020-12-09,4.04,BAMLH0A0HYM2,actual
2020-12-10,4.08,BAMLH0A0HYM2,actual
2020-12-11,4.13,BAMLH0A0HYM2,actual
2020-12-14,4.07,BAMLH0A0HYM2,actual
2020-12-15,4.06,BAMLH0A0HYM2,actual
2020-12-16,4.06,BAMLH0A0HYM2,actual
2020-12-17,4.05,BAMLH0A0HYM2,actual
2020-12-18,4.03,BAMLH0A0HYM2,actual
2020-12-21,4.18,BAMLH0A0HYM2,actual
2020-12-22,4.12,BAMLH0A0HYM2,actual
2020-12-23,4.07,BAMLH0A0HYM2,actual
2020-12-24,4.05,BAMLH0A0HYM2,actual
2020-12-25,,BAMLH0A0HYM2,actual
2020-12-28,3.89,BAMLH0A0HYM2,actual
2020-12-29,3.85,BAMLH0A0HYM2,actual
2020-12-30,3.87,BAMLH0A0HYM2,actual
2020-12-31,3.86,BAMLH0A0HYM2,actual
2021-01-01,,BAMLH0A0HYM2,actual
2021-01-04,3.93,BAMLH0A0HYM2,actual
2021-01-05,3.92,BAMLH0A0HYM2,actual
2021-01-06,3.8,BAMLH0A0HYM2,actual
2021-01-07,3.78,BAMLH0A0HYM2,actual
2021-01-08,3.76,BAMLH0A0HYM2,actual
2021-01-11,3.82,BAMLH0A0HYM2,actual
2021-01-12,3.85,BAMLH0A0HYM2,actual
2021-01-13,3.82,BAMLH0A0HYM2,actual
2021-01-14,3.73,BAMLH0A0HYM2,actual
2021-01-15,3.74,BAMLH0A0HYM2,actual
2021-01-18,3.73,BAMLH0A0HYM2,actual
2021-01-19,3.71,BAMLH0A0HYM2,actual
2021-01-20,3.67,BAMLH0A0HYM2,actual
2021-01-21,3.65,BAMLH0A0HYM2,actual
2021-01-22,3.75,BAMLH0A0HYM2,actual
2021-01-25,3.75,BAMLH0A0HYM2,actual
2021-01-26,3.74,BAMLH0A0HYM2,actual
2021-01-27,3.85,BAMLH0A0HYM2,actual
2021-01-28,3.76,BAMLH0A0HYM2,actual
2021-01-29,3.79,BAMLH0A0HYM2,actual
2021-01-31,3.84,BAMLH0A0HYM2,actual
2021-02-01,3.83,BAMLH0A0HYM2,actual
2021-02-02,3.75,BAMLH0A0HYM2,actual
2021-02-03,3.68,BAMLH0A0HYM2,actual
2021-02-04,3.64,BAMLH0A0HYM2,actual
2021-02-05,3.58,BAMLH0A0HYM2,actual
2021-02-08,3.54,BAMLH0A0HYM2,actual
2021-02-09,3.51,BAMLH0A0HYM2,actual
2021-02-10,3.51,BAMLH0A0HYM2,actual
2021-02-11,3.5,BAMLH0A0HYM2,actual
2021-02-12,3.48,BAMLH0A0HYM2,actual
2021-02-15,3.47,BAMLH0A0HYM2,actual
2021-02-16,3.41,BAMLH0A0HYM2,actual
2021-02-17,3.44,BAMLH0A0HYM2,actual
2021-02-18,3.46,BAMLH0A0HYM2,actual
2021-02-19,3.41,BAMLH0A0HYM2,actual
2021-02-22,3.44,BAMLH0A0HYM2,actual
2021-02-23,3.47,BAMLH0A0HYM2,actual
2021-02-24,3.42,BAMLH0A0HYM2,actual
2021-02-25,3.42,BAMLH0A0HYM2,actual
2021-02-26,3.52,BAMLH0A0HYM2,actual
2021-02-28,3.57,BAMLH0A0HYM2,actual
2021-03-01,3.54,BAMLH0A0HYM2,actual
2021-03-02,3.53,BAMLH0A0HYM2,actual
2021-03-03,3.51,BAMLH0A0HYM2,actual
2021-03-04,3.54,BAMLH0A0HYM2,actual
2021-03-05,3.6,BAMLH0A0HYM2,actual
2021-03-08,3.57,BAMLH0A0HYM2,actual
2021-03-09,3.62,BAMLH0A0HYM2,actual
2021-03-10,3.63,BAMLH0A0HYM2,actual
2021-03-11,3.52,BAMLH0A0HYM2,actual
2021-03-12,3.55,BAMLH0A0HYM2,actual
2021-03-15,3.55,BAMLH0A0HYM2,actual
2021-03-16,3.55,BAMLH0A0HYM2,actual
2021-03-17,3.65,BAMLH0A0HYM2,actual
2021-03-18,3.66,BAMLH0A0HYM2,actual
2021-03-19,3.67,BAMLH0A0HYM2,actual
2021-03-22,3.58,BAMLH0A0HYM2,actual
2021-03-23,3.57,BAMLH0A0HYM2,actual
2021-03-24,3.51,BAMLH0A0HYM2,actual
2021-03-25,3.53,BAMLH0A0HYM2,actual
2021-03-26,3.48,BAMLH0A0HYM2,actual
2021-03-29,3.43,BAMLH0A0HYM2,actual
2021-03-30,3.44,BAMLH0A0HYM2,actual
2021-03-31,3.36,BAMLH0A0HYM2,actual
2021-04-01,3.33,BAMLH0A0HYM2,actual
2021-04-02,,BAMLH0A0HYM2,actual
2021-04-05,3.25,BAMLH0A0HYM2,actual
2021-04-06,3.25,BAMLH0A0HYM2,actual
2021-04-07,3.22,BAMLH0A0HYM2,actual
2021-04-08,3.21,BAMLH0A0HYM2,actual
2021-04-09,3.24,BAMLH0A0HYM2,actual
2021-04-12,3.24,BAMLH0A0HYM2,actual
2021-04-13,3.32,BAMLH0A0HYM2,actual
2021-04-14,3.25,BAMLH0A0HYM2,actual
2021-04-15,3.25,BAMLH0A0HYM2,actual
2021-04-16,3.22,BAMLH0A0HYM2,actual
2021-04-19,3.25,BAMLH0A0HYM2,actual
2021-04-20,3.35,BAMLH0A0HYM2,actual
2021-04-21,3.34,BAMLH0A0HYM2,actual
2021-04-22,3.34,BAMLH0A0HYM2,actual
2021-04-23,3.29,BAMLH0A0HYM2,actual
2021-04-26,3.26,BAMLH0A0HYM2,actual
2021-04-27,3.24,BAMLH0A0HYM2,actual
2021-04-28,3.26,BAMLH0A0HYM2,actual
2021-04-29,3.24,BAMLH0A0HYM2,actual
2021-04-30,3.28,BAMLH0A0HYM2,actual
2021-05-03,3.27,BAMLH0A0HYM2,actual
2021-05-04,3.32,BAMLH0A0HYM2,actual
2021-05-05,3.29,BAMLH0A0HYM2,actual
2021-05-06,3.3,BAMLH0A0HYM2,actual
2021-05-07,3.27,BAMLH0A0HYM2,actual
2021-05-10,3.26,BAMLH0A0HYM2,actual
2021-05-11,3.36,BAMLH0A0HYM2,actual
2021-05-12,3.34,BAMLH0A0HYM2,actual
2021-05-13,3.37,BAMLH0A0HYM2,actual
2021-05-14,3.35,BAMLH0A0HYM2,actual
2021-05-17,3.35,BAMLH0A0HYM2,actual
2021-05-18,3.35,BAMLH0A0HYM2,actual
2021-05-19,3.4,BAMLH0A0HYM2,actual
2021-05-20,3.42,BAMLH0A0HYM2,actual
2021-05-21,3.37,BAMLH0A0HYM2,actual
2021-05-24,3.37,BAMLH0A0HYM2,actual
2021-05-25,3.34,BAMLH0A0HYM2,actual
2021-05-26,3.35,BAMLH0A0HYM2,actual
2021-05-27,3.3,BAMLH0A0HYM2,actual
2021-05-28,3.29,BAMLH0A0HYM2,actual
2021-05-31,3.34,BAMLH0A0HYM2,actual
2021-06-01,3.33,BAMLH0A0HYM2,actual
2021-06-02,3.31,BAMLH0A0HYM2,actual
2021-06-03,3.28,BAMLH0A0HYM2,actual
2021-06-04,3.28,BAMLH0A0HYM2,actual
2021-06-07,3.27,BAMLH0A0HYM2,actual
2021-06-08,3.26,BAMLH0A0HYM2,actual
2021-06-09,3.22,BAMLH0A0HYM2,actual
2021-06-10,3.23,BAMLH0A0HYM2,actual
2021-06-11,3.21,BAMLH0A0HYM2,actual
2021-06-14,3.17,BAMLH0A0HYM2,actual
2021-06-15,3.17,BAMLH0A0HYM2,actual
2021-06-16,3.12,BAMLH0A0HYM2,actual
2021-06-17,3.15,BAMLH0A0HYM2,actual
2021-06-18,3.18,BAMLH0A0HYM2,actual
2021-06-21,3.14,BAMLH0A0HYM2,actual
2021-06-22,3.15,BAMLH0A0HYM2,actual
2021-06-23,3.13,BAMLH0A0HYM2,actual
2021-06-24,3.08,BAMLH0A0HYM2,actual
2021-06-25,3.04,BAMLH0A0HYM2,actual
2021-06-28,3.05,BAMLH0A0HYM2,actual
2021-06-29,3.03,BAMLH0A0HYM2,actual
2021-06-30,3.04,BAMLH0A0HYM2,actual
2021-07-01,3.02,BAMLH0A0HYM2,actual
2021-07-02,3.04,BAMLH0A0HYM2,actual
2021-07-05,3.03,BAMLH0A0HYM2,actual
2021-07-06,3.05,BAMLH0A0HYM2,actual
2021-07-07,3.05,BAMLH0A0HYM2,actual
2021-07-08,3.14,BAMLH0A0HYM2,actual
2021-07-09,3.07,BAMLH0A0HYM2,actual
2021-07-12,3.05,BAMLH0A0HYM2,actual
2021-07-13,3.04,BAMLH0A0HYM2,actual
2021-07-14,3.1,BAMLH0A0HYM2,actual
2021-07-15,3.14,BAMLH0A0HYM2,actual
2021-07-16,3.18,BAMLH0A0HYM2,actual
2021-07-19,3.44,BAMLH0A0HYM2,actual
2021-07-20,3.38,BAMLH0A0HYM2,actual
2021-07-21,3.24,BAMLH0A0HYM2,actual
2021-07-22,3.24,BAMLH0A0HYM2,actual
2021-07-23,3.22,BAMLH0A0HYM2,actual
2021-07-26,3.21,BAMLH0A0HYM2,actual
2021-07-27,3.27,BAMLH0A0HYM2,actual
2021-07-28,3.26,BAMLH0A0HYM2,actual
2021-07-29,3.23,BAMLH0A0HYM2,actual
2021-07-30,3.26,BAMLH0A0HYM2,actual
2021-07-31,3.32,BAMLH0A0HYM2,actual
2021-08-02,3.36,BAMLH0A0HYM2,actual
2021-08-03,3.42,BAMLH0A0HYM2,actual
2021-08-04,3.42,BAMLH0A0HYM2,actual
2021-08-05,3.37,BAMLH0A0HYM2,actual
2021-08-06,3.32,BAMLH0A0HYM2,actual
2021-08-09,3.34,BAMLH0A0HYM2,actual
2021-08-10,3.32,BAMLH0A0HYM2,actual
2021-08-11,3.37,BAMLH0A0HYM2,actual
2021-08-12,3.34,BAMLH0A0HYM2,actual
2021-08-13,3.36,BAMLH0A0HYM2,actual
2021-08-16,3.38,BAMLH0A0HYM2,actual
2021-08-17,3.37,BAMLH0A0HYM2,actual
2021-08-18,3.35,BAMLH0A0HYM2,actual
2021-08-19,3.42,BAMLH0A0HYM2,actual
2021-08-20,3.37,BAMLH0A0HYM2,actual
2021-08-23,3.34,BAMLH0A0HYM2,actual
2021-08-24,3.26,BAMLH0A0HYM2,actual
2021-08-25,3.22,BAMLH0A0HYM2,actual
2021-08-26,3.2,BAMLH0A0HYM2,actual
2021-08-27,3.17,BAMLH0A0HYM2,actual
2021-08-30,3.16,BAMLH0A0HYM2,actual
2021-08-31,3.21,BAMLH0A0HYM2,actual
2021-09-01,3.19,BAMLH0A0HYM2,actual
2021-09-02,3.16,BAMLH0A0HYM2,actual
2021-09-03,3.14,BAMLH0A0HYM2,actual
2021-09-06,3.13,BAMLH0A0HYM2,actual
2021-09-07,3.16,BAMLH0A0HYM2,actual
2021-09-08,3.16,BAMLH0A0HYM2,actual
2021-09-09,3.15,BAMLH0A0HYM2,actual
2021-09-10,3.11,BAMLH0A0HYM2,actual
2021-09-13,3.09,BAMLH0A0HYM2,actual
2021-09-14,3.11,BAMLH0A0HYM2,actual
2021-09-15,3.08,BAMLH0A0HYM2,actual
2021-09-16,3.06,BAMLH0A0HYM2,actual
2021-09-17,3.04,BAMLH0A0HYM2,actual
2021-09-20,3.23,BAMLH0A0HYM2,actual
2021-09-21,3.17,BAMLH0A0HYM2,actual
2021-09-22,3.09,BAMLH0A0HYM2,actual
2021-09-23,3.03,BAMLH0A0HYM2,actual
2021-09-24,3.05,BAMLH0A0HYM2,actual
2021-09-27,3.06,BAMLH0A0HYM2,actual
2021-09-28,3.13,BAMLH0A0HYM2,actual
2021-09-29,3.09,BAMLH0A0HYM2,actual
2021-09-30,3.15,BAMLH0A0HYM2,actual
2021-10-01,3.2,BAMLH0A0HYM2,actual
2021-10-04,3.21,BAMLH0A0HYM2,actual
2021-10-05,3.17,BAMLH0A0HYM2,actual
2021-10-06,3.29,BAMLH0A0HYM2,actual
2021-10-07,3.19,BAMLH0A0HYM2,actual
2021-10-08,3.2,BAMLH0A0HYM2,actual
2021-10-11,3.2,BAMLH0A0HYM2,actual
2021-10-12,3.28,BAMLH0A0HYM2,actual
2021-10-13,3.25,BAMLH0A0HYM2,actual
2021-10-14,3.18,BAMLH0A0HYM2,actual
2021-10-15,3.12,BAMLH0A0HYM2,actual
2021-10-18,3.11,BAMLH0A0HYM2,actual
2021-10-19,3.09,BAMLH0A0HYM2,actual
2021-10-20,3.07,BAMLH0A0HYM2,actual
2021-10-21,3.03,BAMLH0A0HYM2,actual
2021-10-22,3.07,BAMLH0A0HYM2,actual
2021-10-25,3.11,BAMLH0A0HYM2,actual
2021-10-26,3.09,BAMLH0A0HYM2,actual
2021-10-27,3.11,BAMLH0A0HYM2,actual
2021-10-28,3.08,BAMLH0A0HYM2,actual
2021-10-29,3.08,BAMLH0A0HYM2,actual
2021-10-31,3.15,BAMLH0A0HYM2,actual
2021-11-01,3.16,BAMLH0A0HYM2,actual
2021-11-02,3.21,BAMLH0A0HYM2,actual
2021-11-03,3.18,BAMLH0A0HYM2,actual
2021-11-04,3.19,BAMLH0A0HYM2,actual
2021-11-05,3.12,BAMLH0A0HYM2,actual
2021-11-08,3.03,BAMLH0A0HYM2,actual
2021-11-09,3.08,BAMLH0A0HYM2,actual
2021-11-10,3.06,BAMLH0A0HYM2,actual
2021-11-11,3.06,BAMLH0A0HYM2,actual
2021-11-12,3.09,BAMLH0A0HYM2,actual
2021-11-15,3.1,BAMLH0A0HYM2,actual
2021-11-16,3.12,BAMLH0A0HYM2,actual
2021-11-17,3.17,BAMLH0A0HYM2,actual
2021-11-18,3.19,BAMLH0A0HYM2,actual
2021-11-19,3.24,BAMLH0A0HYM2,actual
2021-11-22,3.18,BAMLH0A0HYM2,actual
2021-11-23,3.3,BAMLH0A0HYM2,actual
2021-11-24,3.32,BAMLH0A0HYM2,actual
2021-11-25,3.32,BAMLH0A0HYM2,actual
2021-11-26,3.62,BAMLH0A0HYM2,actual
2021-11-29,3.53,BAMLH0A0HYM2,actual
2021-11-30,3.67,BAMLH0A0HYM2,actual
2021-12-01,3.58,BAMLH0A0HYM2,actual
2021-12-02,3.54,BAMLH0A0HYM2,actual
2021-12-03,3.56,BAMLH0A0HYM2,actual
2021-12-06,3.41,BAMLH0A0HYM2,actual
2021-12-07,3.16,BAMLH0A0HYM2,actual
2021-12-08,3.21,BAMLH0A0HYM2,actual
2021-12-09,3.25,BAMLH0A0HYM2,actual
2021-12-10,3.29,BAMLH0A0HYM2,actual
2021-12-13,3.33,BAMLH0A0HYM2,actual
2021-12-14,3.35,BAMLH0A0HYM2,actual
2021-12-15,3.33,BAMLH0A0HYM2,actual
2021-12-16,3.32,BAMLH0A0HYM2,actual
2021-12-17,3.36,BAMLH0A0HYM2,actual
2021-12-20,3.41,BAMLH0A0HYM2,actual
2021-12-21,3.25,BAMLH0A0HYM2,actual
2021-12-22,3.21,BAMLH0A0HYM2,actual
2021-12-23,3.12,BAMLH0A0HYM2,actual
2021-12-24,,BAMLH0A0HYM2,actual
2021-12-27,3.02,BAMLH0A0HYM2,actual
2021-12-28,3.01,BAMLH0A0HYM2,actual
2021-12-29,3.03,BAMLH0A0HYM2,actual
2021-12-30,3.09,BAMLH0A0HYM2,actual
2021-12-31,3.1,BAMLH0A0HYM2,actual
2022-01-03,3.05,BAMLH0A0HYM2,actual
2022-01-04,3.09,BAMLH0A0HYM2,actual
2022-01-05,3.07,BAMLH0A0HYM2,actual
2022-01-06,3.15,BAMLH0A0HYM2,actual
2022-01-07,3.2,BAMLH0A0HYM2,actual
2022-01-10,3.24,BAMLH0A0HYM2,actual
2022-01-11,3.18,BAMLH0A0HYM2,actual
2022-01-12,3.06,BAMLH0A0HYM2,actual
2022-01-13,3.1,BAMLH0A0HYM2,actual
2022-01-14,3.09,BAMLH0A0HYM2,actual
2022-01-17,3.09,BAMLH0A0HYM2,actual
2022-01-18,3.12,BAMLH0A0HYM2,actual
2022-01-19,3.11,BAMLH0A0HYM2,actual
2022-01-20,3.1,BAMLH0A0HYM2,actual
2022-01-21,3.29,BAMLH0A0HYM2,actual
2022-01-24,3.44,BAMLH0A0HYM2,actual
2022-01-25,3.39,BAMLH0A0HYM2,actual
2022-01-26,3.25,BAMLH0A0HYM2,actual
2022-01-27,3.46,BAMLH0A0HYM2,actual
2022-01-28,3.61,BAMLH0A0HYM2,actual
2022-01-31,3.63,BAMLH0A0HYM2,actual
2022-02-01,3.51,BAMLH0A0HYM2,actual
2022-02-02,3.45,BAMLH0A0HYM2,actual
2022-02-03,3.51,BAMLH0A0HYM2,actual
2022-02-04,3.56,BAMLH0A0HYM2,actual
2022-02-07,3.6,BAMLH0A0HYM2,actual
2022-02-08,3.55,BAMLH0A0HYM2,actual
2022-02-09,3.46,BAMLH0A0HYM2,actual
2022-02-10,3.44,BAMLH0A0HYM2,actual
2022-02-11,3.66,BAMLH0A0HYM2,actual
2022-02-14,3.74,BAMLH0A0HYM2,actual
2022-02-15,3.67,BAMLH0A0HYM2,actual
2022-02-16,3.68,BAMLH0A0HYM2,actual
2022-02-17,3.74,BAMLH0A0HYM2,actual
2022-02-18,3.78,BAMLH0A0HYM2,actual
2022-02-21,3.78,BAMLH0A0HYM2,actual
2022-02-22,3.75,BAMLH0A0HYM2,actual
2022-02-23,3.72,BAMLH0A0HYM2,actual
2022-02-24,3.93,BAMLH0A0HYM2,actual
2022-02-25,3.62,BAMLH0A0HYM2,actual
2022-02-28,3.77,BAMLH0A0HYM2,actual
2022-03-01,3.89,BAMLH0A0HYM2,actual
2022-03-02,3.71,BAMLH0A0HYM2,actual
2022-03-03,3.71,BAMLH0A0HYM2,actual
2022-03-04,3.9,BAMLH0A0HYM2,actual
2022-03-07,4.01,BAMLH0A0HYM2,actual
2022-03-08,4.03,BAMLH0A0HYM2,actual
2022-03-09,3.94,BAMLH0A0HYM2,actual
2022-03-10,4.0,BAMLH0A0HYM2,actual
2022-03-11,4.05,BAMLH0A0HYM2,actual
2022-03-14,4.16,BAMLH0A0HYM2,actual
2022-03-15,4.21,BAMLH0A0HYM2,actual
2022-03-16,3.96,BAMLH0A0HYM2,actual
2022-03-17,3.81,BAMLH0A0HYM2,actual
2022-03-18,3.81,BAMLH0A0HYM2,actual
2022-03-21,3.67,BAMLH0A0HYM2,actual
2022-03-22,3.7,BAMLH0A0HYM2,actual
2022-03-23,3.72,BAMLH0A0HYM2,actual
2022-03-24,3.67,BAMLH0A0HYM2,actual
2022-03-25,3.51,BAMLH0A0HYM2,actual
2022-03-28,3.54,BAMLH0A0HYM2,actual
2022-03-29,3.38,BAMLH0A0HYM2,actual
2022-03-30,3.33,BAMLH0A0HYM2,actual
2022-03-31,3.43,BAMLH0A0HYM2,actual
2022-04-01,3.4,BAMLH0A0HYM2,actual
2022-04-04,3.33,BAMLH0A0HYM2,actual
2022-04-05,3.27,BAMLH0A0HYM2,actual
2022-04-06,3.48,BAMLH0A0HYM2,actual
2022-04-07,3.54,BAMLH0A0HYM2,actual
2022-04-08,3.57,BAMLH0A0HYM2,actual
2022-04-11,3.73,BAMLH0A0HYM2,actual
2022-04-12,3.75,BAMLH0A0HYM2,actual
2022-04-13,3.77,BAMLH0A0HYM2,actual
2022-04-14,3.68,BAMLH0A0HYM2,actual
2022-04-15,,BAMLH0A0HYM2,actual
2022-04-18,3.64,BAMLH0A0HYM2,actual
2022-04-19,3.58,BAMLH0A0HYM2,actual
2022-04-20,3.56,BAMLH0A0HYM2,actual
2022-04-21,3.5,BAMLH0A0HYM2,actual
2022-04-22,3.65,BAMLH0A0HYM2,actual
2022-04-25,3.8,BAMLH0A0HYM2,actual
2022-04-26,3.83,BAMLH0A0HYM2,actual
2022-04-27,3.89,BAMLH0A0HYM2,actual
2022-04-28,3.83,BAMLH0A0HYM2,actual
2022-04-29,3.93,BAMLH0A0HYM2,actual
2022-04-30,3.97,BAMLH0A0HYM2,actual
2022-05-02,4.05,BAMLH0A0HYM2,actual
2022-05-03,3.97,BAMLH0A0HYM2,actual
2022-05-04,4.1,BAMLH0A0HYM2,actual
2022-05-05,4.03,BAMLH0A0HYM2,actual
2022-05-06,4.18,BAMLH0A0HYM2,actual
2022-05-09,4.47,BAMLH0A0HYM2,actual
2022-05-10,4.52,BAMLH0A0HYM2,actual
2022-05-11,4.55,BAMLH0A0HYM2,actual
2022-05-12,4.77,BAMLH0A0HYM2,actual
2022-05-13,4.63,BAMLH0A0HYM2,actual
2022-05-16,4.71,BAMLH0A0HYM2,actual
2022-05-17,4.6,BAMLH0A0HYM2,actual
2022-05-18,4.84,BAMLH0A0HYM2,actual
2022-05-19,4.92,BAMLH0A0HYM2,actual
2022-05-20,4.91,BAMLH0A0HYM2,actual
2022-05-23,4.82,BAMLH0A0HYM2,actual
2022-05-24,4.94,BAMLH0A0HYM2,actual
2022-05-25,4.74,BAMLH0A0HYM2,actual
2022-05-26,4.38,BAMLH0A0HYM2,actual
2022-05-27,4.19,BAMLH0A0HYM2,actual
2022-05-30,4.19,BAMLH0A0HYM2,actual
2022-05-31,4.22,BAMLH0A0HYM2,actual
2022-06-01,4.13,BAMLH0A0HYM2,actual
2022-06-02,4.15,BAMLH0A0HYM2,actual
2022-06-03,4.21,BAMLH0A0HYM2,actual
2022-06-06,4.19,BAMLH0A0HYM2,actual
2022-06-07,4.34,BAMLH0A0HYM2,actual
2022-06-08,4.34,BAMLH0A0HYM2,actual
2022-06-09,4.42,BAMLH0A0HYM2,actual
2022-06-10,4.51,BAMLH0A0HYM2,actual
2022-06-13,4.87,BAMLH0A0HYM2,actual
2022-06-14,4.9,BAMLH0A0HYM2,actual
2022-06-15,4.82,BAMLH0A0HYM2,actual
2022-06-16,5.17,BAMLH0A0HYM2,actual
2022-06-17,5.15,BAMLH0A0HYM2,actual
2022-06-20,5.15,BAMLH0A0HYM2,actual
2022-06-21,5.05,BAMLH0A0HYM2,actual
2022-06-22,5.32,BAMLH0A0HYM2,actual
2022-06-23,5.38,BAMLH0A0HYM2,actual
2022-06-24,5.18,BAMLH0A0HYM2,actual
2022-06-27,5.11,BAMLH0A0HYM2,actual
2022-06-28,5.26,BAMLH0A0HYM2,actual
2022-06-29,5.62,BAMLH0A0HYM2,actual
2022-06-30,5.87,BAMLH0A0HYM2,actual
2022-07-01,5.92,BAMLH0A0HYM2,actual
2022-07-04,5.93,BAMLH0A0HYM2,actual
2022-07-05,5.99,BAMLH0A0HYM2,actual
2022-07-06,5.8,BAMLH0A0HYM2,actual
2022-07-07,5.5,BAMLH0A0HYM2,actual
2022-07-08,5.36,BAMLH0A0HYM2,actual
2022-07-11,5.44,BAMLH0A0HYM2,actual
2022-07-12,5.43,BAMLH0A0HYM2,actual
2022-07-13,5.47,BAMLH0A0HYM2,actual
2022-07-14,5.53,BAMLH0A0HYM2,actual
2022-07-15,5.39,BAMLH0A0HYM2,actual
2022-07-18,5.25,BAMLH0A0HYM2,actual
2022-07-19,5.1,BAMLH0A0HYM2,actual
2022-07-20,4.9,BAMLH0A0HYM2,actual
2022-07-21,4.99,BAMLH0A0HYM2,actual
2022-07-22,4.96,BAMLH0A0HYM2,actual
2022-07-25,4.95,BAMLH0A0HYM2,actual
2022-07-26,5.06,BAMLH0A0HYM2,actual
2022-07-27,5.07,BAMLH0A0HYM2,actual
2022-07-28,4.98,BAMLH0A0HYM2,actual
2022-07-29,4.77,BAMLH0A0HYM2,actual
2022-07-31,4.83,BAMLH0A0HYM2,actual
2022-08-01,4.8,BAMLH0A0HYM2,actual
2022-08-02,4.61,BAMLH0A0HYM2,actual
2022-08-03,4.54,BAMLH0A0HYM2,actual
2022-08-04,4.55,BAMLH0A0HYM2,actual
2022-08-05,4.44,BAMLH0A0HYM2,actual
2022-08-08,4.41,BAMLH0A0HYM2,actual
2022-08-09,4.46,BAMLH0A0HYM2,actual
2022-08-10,4.33,BAMLH0A0HYM2,actual
2022-08-11,4.21,BAMLH0A0HYM2,actual
2022-08-12,4.25,BAMLH0A0HYM2,actual
2022-08-15,4.24,BAMLH0A0HYM2,actual
2022-08-16,4.25,BAMLH0A0HYM2,actual
2022-08-17,4.33,BAMLH0A0HYM2,actual
2022-08-18,4.37,BAMLH0A0HYM2,actual
2022-08-19,4.45,BAMLH0A0HYM2,actual
2022-08-22,4.62,BAMLH0A0HYM2,actual
2022-08-23,4.68,BAMLH0A0HYM2,actual
2022-08-24,4.61,BAMLH0A0HYM2,actual
2022-08-25,4.6,BAMLH0A0HYM2,actual
2022-08-26,4.65,BAMLH0A0HYM2,actual
2022-08-29,4.78,BAMLH0A0HYM2,actual
2022-08-30,4.9,BAMLH0A0HYM2,actual
2022-08-31,5.03,BAMLH0A0HYM2,actual
2022-09-01,5.08,BAMLH0A0HYM2,actual
2022-09-02,5.06,BAMLH0A0HYM2,actual
2022-09-05,5.07,BAMLH0A0HYM2,actual
2022-09-06,4.98,BAMLH0A0HYM2,actual
2022-09-07,4.97,BAMLH0A0HYM2,actual
2022-09-08,4.8,BAMLH0A0HYM2,actual
2022-09-09,4.57,BAMLH0A0HYM2,actual
2022-09-12,4.5,BAMLH0A0HYM2,actual
2022-09-13,4.68,BAMLH0A0HYM2,actual
2022-09-14,4.74,BAMLH0A0HYM2,actual
2022-09-15,4.77,BAMLH0A0HYM2,actual
2022-09-16,5.0,BAMLH0A0HYM2,actual
2022-09-19,4.88,BAMLH0A0HYM2,actual
2022-09-20,4.88,BAMLH0A0HYM2,actual
2022-09-21,4.87,BAMLH0A0HYM2,actual
2022-09-22,4.91,BAMLH0A0HYM2,actual
2022-09-23,5.12,BAMLH0A0HYM2,actual
2022-09-26,5.18,BAMLH0A0HYM2,actual
2022-09-27,5.22,BAMLH0A0HYM2,actual
2022-09-28,5.47,BAMLH0A0HYM2,actual
2022-09-29,5.5,BAMLH0A0HYM2,actual
2022-09-30,5.43,BAMLH0A0HYM2,actual
2022-10-03,5.43,BAMLH0A0HYM2,actual
2022-10-04,5.12,BAMLH0A0HYM2,actual
2022-10-05,5.09,BAMLH0A0HYM2,actual
2022-10-06,4.95,BAMLH0A0HYM2,actual
2022-10-07,5.02,BAMLH0A0HYM2,actual
2022-10-10,5.03,BAMLH0A0HYM2,actual
2022-10-11,5.25,BAMLH0A0HYM2,actual
2022-10-12,5.31,BAMLH0A0HYM2,actual
2022-10-13,5.25,BAMLH0A0HYM2,actual
2022-10-14,5.15,BAMLH0A0HYM2,actual
2022-10-17,5.04,BAMLH0A0HYM2,actual
2022-10-18,4.95,BAMLH0A0HYM2,actual
2022-10-19,4.97,BAMLH0A0HYM2,actual
2022-10-20,4.89,BAMLH0A0HYM2,actual
2022-10-21,4.99,BAMLH0A0HYM2,actual
2022-10-24,4.91,BAMLH0A0HYM2,actual
2022-10-25,4.88,BAMLH0A0HYM2,actual
2022-10-26,4.8,BAMLH0A0HYM2,actual
2022-10-27,4.76,BAMLH0A0HYM2,actual
2022-10-28,4.54,BAMLH0A0HYM2,actual
2022-10-31,4.63,BAMLH0A0HYM2,actual
2022-11-01,4.61,BAMLH0A0HYM2,actual
2022-11-02,4.62,BAMLH0A0HYM2,actual
2022-11-03,4.81,BAMLH0A0HYM2,actual
2022-11-04,4.77,BAMLH0A0HYM2,actual
2022-11-07,4.71,BAMLH0A0HYM2,actual
2022-11-08,4.79,BAMLH0A0HYM2,actual
2022-11-09,4.99,BAMLH0A0HYM2,actual
2022-11-10,4.8,BAMLH0A0HYM2,actual
2022-11-11,4.81,BAMLH0A0HYM2,actual
2022-11-14,4.67,BAMLH0A0HYM2,actual
2022-11-15,4.64,BAMLH0A0HYM2,actual
2022-11-16,4.71,BAMLH0A0HYM2,actual
2022-11-17,4.75,BAMLH0A0HYM2,actual
2022-11-18,4.65,BAMLH0A0HYM2,actual
2022-11-21,4.64,BAMLH0A0HYM2,actual
2022-11-22,4.57,BAMLH0A0HYM2,actual
2022-11-23,4.51,BAMLH0A0HYM2,actual
2022-11-24,4.51,BAMLH0A0HYM2,actual
2022-11-25,4.52,BAMLH0A0HYM2,actual
2022-11-28,4.63,BAMLH0A0HYM2,actual
2022-11-29,4.63,BAMLH0A0HYM2,actual
2022-11-30,4.55,BAMLH0A0HYM2,actual
2022-12-01,4.48,BAMLH0A0HYM2,actual
2022-12-02,4.5,BAMLH0A0HYM2,actual
2022-12-05,4.43,BAMLH0A0HYM2,actual
2022-12-06,4.57,BAMLH0A0HYM2,actual
2022-12-07,4.68,BAMLH0A0HYM2,actual
2022-12-08,4.55,BAMLH0A0HYM2,actual
2022-12-09,4.46,BAMLH0A0HYM2,actual
2022-12-12,4.4,BAMLH0A0HYM2,actual
2022-12-13,4.34,BAMLH0A0HYM2,actual
2022-12-14,4.37,BAMLH0A0HYM2,actual
2022-12-15,4.54,BAMLH0A0HYM2,actual
2022-12-16,4.67,BAMLH0A0HYM2,actual
2022-12-19,4.67,BAMLH0A0HYM2,actual
2022-12-20,4.68,BAMLH0A0HYM2,actual
2022-12-21,4.56,BAMLH0A0HYM2,actual
2022-12-22,4.61,BAMLH0A0HYM2,actual
2022-12-23,4.59,BAMLH0A0HYM2,actual
2022-12-26,,BAMLH0A0HYM2,actual
2022-12-27,4.55,BAMLH0A0HYM2,actual
2022-12-28,4.77,BAMLH0A0HYM2,actual
2022-12-29,4.81,BAMLH0A0HYM2,actual
2022-12-30,4.79,BAMLH0A0HYM2,actual
2022-12-31,4.81,BAMLH0A0HYM2,actual
2023-01-02,,BAMLH0A0HYM2,actual
2023-01-03,4.7,BAMLH0A0HYM2,actual
2023-01-04,4.62,BAMLH0A0HYM2,actual
2023-01-05,4.58,BAMLH0A0HYM2,actual
2023-01-06,4.47,BAMLH0A0HYM2,actual
2023-01-09,4.37,BAMLH0A0HYM2,actual
2023-01-10,4.33,BAMLH0A0HYM2,actual
2023-01-11,4.3,BAMLH0A0HYM2,actual
2023-01-12,4.29,BAMLH0A0HYM2,actual
2023-01-13,4.21,BAMLH0A0HYM2,actual
2023-01-16,4.19,BAMLH0A0HYM2,actual
2023-01-17,4.19,BAMLH0A0HYM2,actual
2023-01-18,4.25,BAMLH0A0HYM2,actual
2023-01-19,4.39,BAMLH0A0HYM2,actual
2023-01-20,4.35,BAMLH0A0HYM2,actual
2023-01-23,4.27,BAMLH0A0HYM2,actual
2023-01-24,4.33,BAMLH0A0HYM2,actual
2023-01-25,4.35,BAMLH0A0HYM2,actual
2023-01-26,4.24,BAMLH0A0HYM2,actual
2023-01-27,4.23,BAMLH0A0HYM2,actual
2023-01-30,4.26,BAMLH0A0HYM2,actual
2023-01-31,4.3,BAMLH0A0HYM2,actual
2023-02-01,4.31,BAMLH0A0HYM2,actual
2023-02-02,3.94,BAMLH0A0HYM2,actual
2023-02-03,3.95,BAMLH0A0HYM2,actual
2023-02-06,3.99,BAMLH0A0HYM2,actual
2023-02-07,3.99,BAMLH0A0HYM2,actual
2023-02-08,4.07,BAMLH0A0HYM2,actual
2023-02-09,4.05,BAMLH0A0HYM2,actual
2023-02-10,4.24,BAMLH0A0HYM2,actual
2023-02-13,4.23,BAMLH0A0HYM2,actual
2023-02-14,4.15,BAMLH0A0HYM2,actual
2023-02-15,4.18,BAMLH0A0HYM2,actual
2023-02-16,4.24,BAMLH0A0HYM2,actual
2023-02-17,4.38,BAMLH0A0HYM2,actual
2023-02-20,4.38,BAMLH0A0HYM2,actual
2023-02-21,4.49,BAMLH0A0HYM2,actual
2023-02-22,4.41,BAMLH0A0HYM2,actual
2023-02-23,4.3,BAMLH0A0HYM2,actual
2023-02-24,4.28,BAMLH0A0HYM2,actual
2023-02-27,4.21,BAMLH0A0HYM2,actual
2023-02-28,4.22,BAMLH0A0HYM2,actual
2023-03-01,4.17,BAMLH0A0HYM2,actual
2023-03-02,4.18,BAMLH0A0HYM2,actual
2023-03-03,4.05,BAMLH0A0HYM2,actual
2023-03-06,3.97,BAMLH0A0HYM2,actual
2023-03-07,3.98,BAMLH0A0HYM2,actual
2023-03-08,4.09,BAMLH0A0HYM2,actual
2023-03-09,4.27,BAMLH0A0HYM2,actual
2023-03-10,4.61,BAMLH0A0HYM2,actual
2023-03-13,5.03,BAMLH0A0HYM2,actual
2023-03-14,4.74,BAMLH0A0HYM2,actual
2023-03-15,5.2,BAMLH0A0HYM2,actual
2023-03-16,4.93,BAMLH0A0HYM2,actual
2023-03-17,5.17,BAMLH0A0HYM2,actual
2023-03-20,5.15,BAMLH0A0HYM2,actual
2023-03-21,4.85,BAMLH0A0HYM2,actual
2023-03-22,5.0,BAMLH0A0HYM2,actual
2023-03-23,5.1,BAMLH0A0HYM2,actual
2023-03-24,5.22,BAMLH0A0HYM2,actual
2023-03-27,5.03,BAMLH0A0HYM2,actual
2023-03-28,5.01,BAMLH0A0HYM2,actual
2023-03-29,4.83,BAMLH0A0HYM2,actual
2023-03-30,4.74,BAMLH0A0HYM2,actual
2023-03-31,4.58,BAMLH0A0HYM2,actual
2023-04-03,4.58,BAMLH0A0HYM2,actual
2023-04-04,4.73,BAMLH0A0HYM2,actual
2023-04-05,4.84,BAMLH0A0HYM2,actual
2023-04-06,4.84,BAMLH0A0HYM2,actual
2023-04-07,,BAMLH0A0HYM2,actual
2023-04-10,4.7,BAMLH0A0HYM2,actual
2023-04-11,4.63,BAMLH0A0HYM2,actual
2023-04-12,4.62,BAMLH0A0HYM2,actual
2023-04-13,4.49,BAMLH0A0HYM2,actual
2023-04-14,4.43,BAMLH0A0HYM2,actual
2023-04-17,4.41,BAMLH0A0HYM2,actual
2023-04-18,4.37,BAMLH0A0HYM2,actual
2023-04-19,4.41,BAMLH0A0HYM2,actual
2023-04-20,4.54,BAMLH0A0HYM2,actual
2023-04-21,4.46,BAMLH0A0HYM2,actual
2023-04-24,4.48,BAMLH0A0HYM2,actual
2023-04-25,4.64,BAMLH0A0HYM2,actual
2023-04-26,4.63,BAMLH0A0HYM2,actual
2023-04-27,4.48,BAMLH0A0HYM2,actual
2023-04-28,4.5,BAMLH0A0HYM2,actual
2023-04-30,4.53,BAMLH0A0HYM2,actual
2023-05-01,4.45,BAMLH0A0HYM2,actual
2023-05-02,4.7,BAMLH0A0HYM2,actual
2023-05-03,4.79,BAMLH0A0HYM2,actual
2023-05-04,4.95,BAMLH0A0HYM2,actual
2023-05-05,4.77,BAMLH0A0HYM2,actual
2023-05-08,4.72,BAMLH0A0HYM2,actual
2023-05-09,4.74,BAMLH0A0HYM2,actual
2023-05-10,4.78,BAMLH0A0HYM2,actual
2023-05-11,4.81,BAMLH0A0HYM2,actual
2023-05-12,4.76,BAMLH0A0HYM2,actual
2023-05-15,4.77,BAMLH0A0HYM2,actual
2023-05-16,4.79,BAMLH0A0HYM2,actual
2023-05-17,4.75,BAMLH0A0HYM2,actual
2023-05-18,4.69,BAMLH0A0HYM2,actual
2023-05-19,4.62,BAMLH0A0HYM2,actual
2023-05-22,4.54,BAMLH0A0HYM2,actual
2023-05-23,4.6,BAMLH0A0HYM2,actual
2023-05-24,4.68,BAMLH0A0HYM2,actual
2023-05-25,4.58,BAMLH0A0HYM2,actual
2023-05-26,4.53,BAMLH0A0HYM2,actual
2023-05-29,4.54,BAMLH0A0HYM2,actual
2023-05-30,4.58,BAMLH0A0HYM2,actual
2023-05-31,4.69,BAMLH0A0HYM2,actual
2023-06-01,4.65,BAMLH0A0HYM2,actual
2023-06-02,4.37,BAMLH0A0HYM2,actual
2023-06-05,4.39,BAMLH0A0HYM2,actual
2023-06-06,4.39,BAMLH0A0HYM2,actual
2023-06-07,4.33,BAMLH0A0HYM2,actual
2023-06-08,4.39,BAMLH0A0HYM2,actual
2023-06-09,4.29,BAMLH0A0HYM2,actual
2023-06-12,4.34,BAMLH0A0HYM2,actual
2023-06-13,4.18,BAMLH0A0HYM2,actual
2023-06-14,4.18,BAMLH0A0HYM2,actual
2023-06-15,4.21,BAMLH0A0HYM2,actual
2023-06-16,4.15,BAMLH0A0HYM2,actual
2023-06-19,4.15,BAMLH0A0HYM2,actual
2023-06-20,4.22,BAMLH0A0HYM2,actual
2023-06-21,4.32,BAMLH0A0HYM2,actual
2023-06-22,4.3,BAMLH0A0HYM2,actual
2023-06-23,4.4,BAMLH0A0HYM2,actual
2023-06-26,4.45,BAMLH0A0HYM2,actual
2023-06-27,4.3,BAMLH0A0HYM2,actual
2023-06-28,4.27,BAMLH0A0HYM2,actual
2023-06-29,4.14,BAMLH0A0HYM2,actual
2023-06-30,4.05,BAMLH0A0HYM2,actual
2023-07-03,3.99,BAMLH0A0HYM2,actual
2023-07-04,3.99,BAMLH0A0HYM2,actual
2023-07-05,4.01,BAMLH0A0HYM2,actual
2023-07-06,4.1,BAMLH0A0HYM2,actual
2023-07-07,4.08,BAMLH0A0HYM2,actual
2023-07-10,4.13,BAMLH0A0HYM2,actual
2023-07-11,4.05,BAMLH0A0HYM2,actual
2023-07-12,3.95,BAMLH0A0HYM2,actual
2023-07-13,3.97,BAMLH0A0HYM2,actual
2023-07-14,3.9,BAMLH0A0HYM2,actual
2023-07-17,3.97,BAMLH0A0HYM2,actual
2023-07-18,3.9,BAMLH0A0HYM2,actual
2023-07-19,3.89,BAMLH0A0HYM2,actual
2023-07-20,3.9,BAMLH0A0HYM2,actual
2023-07-21,3.89,BAMLH0A0HYM2,actual
2023-07-24,3.82,BAMLH0A0HYM2,actual
2023-07-25,3.84,BAMLH0A0HYM2,actual
2023-07-26,3.91,BAMLH0A0HYM2,actual
2023-07-27,3.78,BAMLH0A0HYM2,actual
2023-07-28,3.82,BAMLH0A0HYM2,actual
2023-07-31,3.79,BAMLH0A0HYM2,actual
2023-08-01,3.82,BAMLH0A0HYM2,actual
2023-08-02,3.96,BAMLH0A0HYM2,actual
2023-08-03,3.98,BAMLH0A0HYM2,actual
2023-08-04,4.01,BAMLH0A0HYM2,actual
2023-08-07,3.97,BAMLH0A0HYM2,actual
2023-08-08,4.0,BAMLH0A0HYM2,actual
2023-08-09,3.94,BAMLH0A0HYM2,actual
2023-08-10,3.83,BAMLH0A0HYM2,actual
2023-08-11,3.83,BAMLH0A0HYM2,actual
2023-08-14,3.79,BAMLH0A0HYM2,actual
2023-08-15,3.85,BAMLH0A0HYM2,actual
2023-08-16,3.81,BAMLH0A0HYM2,actual
2023-08-17,3.95,BAMLH0A0HYM2,actual
2023-08-18,4.02,BAMLH0A0HYM2,actual
2023-08-21,3.97,BAMLH0A0HYM2,actual
2023-08-22,3.93,BAMLH0A0HYM2,actual
2023-08-23,3.92,BAMLH0A0HYM2,actual
2023-08-24,3.91,BAMLH0A0HYM2,actual
2023-08-25,3.9,BAMLH0A0HYM2,actual
2023-08-28,3.86,BAMLH0A0HYM2,actual
2023-08-29,3.87,BAMLH0A0HYM2,actual
2023-08-30,3.8,BAMLH0A0HYM2,actual
2023-08-31,3.85,BAMLH0A0HYM2,actual
2023-09-01,3.81,BAMLH0A0HYM2,actual
2023-09-04,3.81,BAMLH0A0HYM2,actual
2023-09-05,3.83,BAMLH0A0HYM2,actual
2023-09-06,3.86,BAMLH0A0HYM2,actual
2023-09-07,3.9,BAMLH0A0HYM2,actual
2023-09-08,3.85,BAMLH0A0HYM2,actual
2023-09-11,3.82,BAMLH0A0HYM2,actual
2023-09-12,3.84,BAMLH0A0HYM2,actual
2023-09-13,3.85,BAMLH0A0HYM2,actual
2023-09-14,3.78,BAMLH0A0HYM2,actual
2023-09-15,3.79,BAMLH0A0HYM2,actual
2023-09-18,3.82,BAMLH0A0HYM2,actual
2023-09-19,3.82,BAMLH0A0HYM2,actual
2023-09-20,3.77,BAMLH0A0HYM2,actual
2023-09-21,3.89,BAMLH0A0HYM2,actual
2023-09-22,3.93,BAMLH0A0HYM2,actual
2023-09-25,3.97,BAMLH0A0HYM2,actual
2023-09-26,4.04,BAMLH0A0HYM2,actual
2023-09-27,4.03,BAMLH0A0HYM2,actual
2023-09-28,4.09,BAMLH0A0HYM2,actual
2023-09-29,4.03,BAMLH0A0HYM2,actual
2023-09-30,4.03,BAMLH0A0HYM2,actual
2023-10-02,4.11,BAMLH0A0HYM2,actual
2023-10-03,4.26,BAMLH0A0HYM2,actual
2023-10-04,4.37,BAMLH0A0HYM2,actual
2023-10-05,4.38,BAMLH0A0HYM2,actual
2023-10-06,4.33,BAMLH0A0HYM2,actual
2023-10-09,4.34,BAMLH0A0HYM2,actual
2023-10-10,4.26,BAMLH0A0HYM2,actual
2023-10-11,4.25,BAMLH0A0HYM2,actual
2023-10-12,4.25,BAMLH0A0HYM2,actual
2023-10-13,4.3,BAMLH0A0HYM2,actual
2023-10-16,4.27,BAMLH0A0HYM2,actual
2023-10-17,4.25,BAMLH0A0HYM2,actual
2023-10-18,4.32,BAMLH0A0HYM2,actual
2023-10-19,4.37,BAMLH0A0HYM2,actual
2023-10-20,4.52,BAMLH0A0HYM2,actual
2023-10-23,4.51,BAMLH0A0HYM2,actual
2023-10-24,4.41,BAMLH0A0HYM2,actual
2023-10-25,4.37,BAMLH0A0HYM2,actual
2023-10-26,4.5,BAMLH0A0HYM2,actual
2023-10-27,4.53,BAMLH0A0HYM2,actual
2023-10-30,4.5,BAMLH0A0HYM2,actual
2023-10-31,4.42,BAMLH0A0HYM2,actual
2023-11-01,4.47,BAMLH0A0HYM2,actual
2023-11-02,4.15,BAMLH0A0HYM2,actual
2023-11-03,4.04,BAMLH0A0HYM2,actual
2023-11-06,4.0,BAMLH0A0HYM2,actual
2023-11-07,4.08,BAMLH0A0HYM2,actual
2023-11-08,4.08,BAMLH0A0HYM2,actual
2023-11-09,4.04,BAMLH0A0HYM2,actual
2023-11-10,4.03,BAMLH0A0HYM2,actual
2023-11-13,4.03,BAMLH0A0HYM2,actual
2023-11-14,3.92,BAMLH0A0HYM2,actual
2023-11-15,3.89,BAMLH0A0HYM2,actual
2023-11-16,4.02,BAMLH0A0HYM2,actual
2023-11-17,3.99,BAMLH0A0HYM2,actual
2023-11-20,3.92,BAMLH0A0HYM2,actual
2023-11-21,3.95,BAMLH0A0HYM2,actual
2023-11-22,3.9,BAMLH0A0HYM2,actual
2023-11-23,3.9,BAMLH0A0HYM2,actual
2023-11-24,3.85,BAMLH0A0HYM2,actual
2023-11-27,3.89,BAMLH0A0HYM2,actual
2023-11-28,3.9,BAMLH0A0HYM2,actual
2023-11-29,3.8,BAMLH0A0HYM2,actual
2023-11-30,3.84,BAMLH0A0HYM2,actual
2023-12-01,3.87,BAMLH0A0HYM2,actual
2023-12-04,3.8,BAMLH0A0HYM2,actual
2023-12-05,3.8,BAMLH0A0HYM2,actual
2023-12-06,3.79,BAMLH0A0HYM2,actual
2023-12-07,3.77,BAMLH0A0HYM2,actual
2023-12-08,3.75,BAMLH0A0HYM2,actual
2023-12-11,3.79,BAMLH0A0HYM2,actual
2023-12-12,3.76,BAMLH0A0HYM2,actual
2023-12-13,3.79,BAMLH0A0HYM2,actual
2023-12-14,3.47,BAMLH0A0HYM2,actual
2023-12-15,3.51,BAMLH0A0HYM2,actual
2023-12-18,3.51,BAMLH0A0HYM2,actual
2023-12-19,3.46,BAMLH0A0HYM2,actual
2023-12-20,3.43,BAMLH0A0HYM2,actual
2023-12-21,3.41,BAMLH0A0HYM2,actual
2023-12-22,3.39,BAMLH0A0HYM2,actual
2023-12-25,,BAMLH0A0HYM2,actual
2023-12-26,3.37,BAMLH0A0HYM2,actual
2023-12-27,3.34,BAMLH0A0HYM2,actual
2023-12-28,3.32,BAMLH0A0HYM2,actual
2023-12-29,3.34,BAMLH0A0HYM2,actual
2023-12-31,3.39,BAMLH0A0HYM2,actual
2024-01-01,,BAMLH0A0HYM2,actual
2024-01-02,3.54,BAMLH0A0HYM2,actual
2024-01-03,3.71,BAMLH0A0HYM2,actual
2024-01-04,3.69,BAMLH0A0HYM2,actual
2024-01-05,3.68,BAMLH0A0HYM2,actual
2024-01-08,3.63,BAMLH0A0HYM2,actual
2024-01-09,3.59,BAMLH0A0HYM2,actual
2024-01-10,3.5,BAMLH0A0HYM2,actual
2024-01-11,3.55,BAMLH0A0HYM2,actual
2024-01-12,3.56,BAMLH0A0HYM2,actual
2024-01-15,3.54,BAMLH0A0HYM2,actual
2024-01-16,3.58,BAMLH0A0HYM2,actual
2024-01-17,3.62,BAMLH0A0HYM2,actual
2024-01-18,3.58,BAMLH0A0HYM2,actual
2024-01-19,3.54,BAMLH0A0HYM2,actual
2024-01-22,3.49,BAMLH0A0HYM2,actual
2024-01-23,3.51,BAMLH0A0HYM2,actual
2024-01-24,3.44,BAMLH0A0HYM2,actual
2024-01-25,3.45,BAMLH0A0HYM2,actual
2024-01-26,3.39,BAMLH0A0HYM2,actual
2024-01-29,3.41,BAMLH0A0HYM2,actual
2024-01-30,3.42,BAMLH0A0HYM2,actual
2024-01-31,3.59,BAMLH0A0HYM2,actual
2024-02-01,3.56,BAMLH0A0HYM2,actual
2024-02-02,3.47,BAMLH0A0HYM2,actual
2024-02-05,3.5,BAMLH0A0HYM2,actual
2024-02-06,3.52,BAMLH0A0HYM2,actual
2024-02-07,3.43,BAMLH0A0HYM2,actual
2024-02-08,3.38,BAMLH0A0HYM2,actual
2024-02-09,3.33,BAMLH0A0HYM2,actual
2024-02-12,3.35,BAMLH0A0HYM2,actual
2024-02-13,3.36,BAMLH0A0HYM2,actual
2024-02-14,3.38,BAMLH0A0HYM2,actual
2024-02-15,3.35,BAMLH0A0HYM2,actual
2024-02-16,3.34,BAMLH0A0HYM2,actual
2024-02-19,3.34,BAMLH0A0HYM2,actual
2024-02-20,3.37,BAMLH0A0HYM2,actual
2024-02-21,3.34,BAMLH0A0HYM2,actual
2024-02-22,3.22,BAMLH0A0HYM2,actual
2024-02-23,3.23,BAMLH0A0HYM2,actual
2024-02-26,3.23,BAMLH0A0HYM2,actual
2024-02-27,3.26,BAMLH0A0HYM2,actual
2024-02-28,3.31,BAMLH0A0HYM2,actual
2024-02-29,3.29,BAMLH0A0HYM2,actual
2024-03-01,3.32,BAMLH0A0HYM2,actual
2024-03-04,3.26,BAMLH0A0HYM2,actual
2024-03-05,3.31,BAMLH0A0HYM2,actual
2024-03-06,3.27,BAMLH0A0HYM2,actual
2024-03-07,3.27,BAMLH0A0HYM2,actual
2024-03-08,3.26,BAMLH0A0HYM2,actual
2024-03-11,3.26,BAMLH0A0HYM2,actual
2024-03-12,3.2,BAMLH0A0HYM2,actual
2024-03-13,3.15,BAMLH0A0HYM2,actual
2024-03-14,3.15,BAMLH0A0HYM2,actual
2024-03-15,3.16,BAMLH0A0HYM2,actual
2024-03-18,3.13,BAMLH0A0HYM2,actual
2024-03-19,3.1,BAMLH0A0HYM2,actual
2024-03-20,3.14,BAMLH0A0HYM2,actual
2024-03-21,3.05,BAMLH0A0HYM2,actual
2024-03-22,3.08,BAMLH0A0HYM2,actual
2024-03-25,3.11,BAMLH0A0HYM2,actual
2024-03-26,3.15,BAMLH0A0HYM2,actual
2024-03-27,3.15,BAMLH0A0HYM2,actual
2024-03-28,3.12,BAMLH0A0HYM2,actual
2024-03-29,,BAMLH0A0HYM2,actual
2024-03-31,3.15,BAMLH0A0HYM2,actual
2024-04-01,3.12,BAMLH0A0HYM2,actual
2024-04-02,3.23,BAMLH0A0HYM2,actual
2024-04-03,3.23,BAMLH0A0HYM2,actual
2024-04-04,3.24,BAMLH0A0HYM2,actual
2024-04-05,3.18,BAMLH0A0HYM2,actual
2024-04-08,3.15,BAMLH0A0HYM2,actual
2024-04-09,3.14,BAMLH0A0HYM2,actual
2024-04-10,3.1,BAMLH0A0HYM2,actual
2024-04-11,3.16,BAMLH0A0HYM2,actual
2024-04-12,3.25,BAMLH0A0HYM2,actual
2024-04-15,3.28,BAMLH0A0HYM2,actual
2024-04-16,3.36,BAMLH0A0HYM2,actual
2024-04-17,3.42,BAMLH0A0HYM2,actual
2024-04-18,3.39,BAMLH0A0HYM2,actual
2024-04-19,3.37,BAMLH0A0HYM2,actual
2024-04-22,3.29,BAMLH0A0HYM2,actual
2024-04-23,3.2,BAMLH0A0HYM2,actual
2024-04-24,3.19,BAMLH0A0HYM2,actual
2024-04-25,3.24,BAMLH0A0HYM2,actual
2024-04-26,3.16,BAMLH0A0HYM2,actual
2024-04-29,3.12,BAMLH0A0HYM2,actual
2024-04-30,3.18,BAMLH0A0HYM2,actual
2024-05-01,3.21,BAMLH0A0HYM2,actual
2024-05-02,3.16,BAMLH0A0HYM2,actual
2024-05-03,3.08,BAMLH0A0HYM2,actual
2024-05-06,3.03,BAMLH0A0HYM2,actual
2024-05-07,3.06,BAMLH0A0HYM2,actual
2024-05-08,3.1,BAMLH0A0HYM2,actual
2024-05-09,3.14,BAMLH0A0HYM2,actual
2024-05-10,3.12,BAMLH0A0HYM2,actual
2024-05-13,3.14,BAMLH0A0HYM2,actual
2024-05-14,3.14,BAMLH0A0HYM2,actual
2024-05-15,3.13,BAMLH0A0HYM2,actual
2024-05-16,3.08,BAMLH0A0HYM2,actual
2024-05-17,3.09,BAMLH0A0HYM2,actual
2024-05-20,3.07,BAMLH0A0HYM2,actual
2024-05-21,3.07,BAMLH0A0HYM2,actual
2024-05-22,3.11,BAMLH0A0HYM2,actual
2024-05-23,3.1,BAMLH0A0HYM2,actual
2024-05-24,3.11,BAMLH0A0HYM2,actual
2024-05-27,3.12,BAMLH0A0HYM2,actual
2024-05-28,3.09,BAMLH0A0HYM2,actual
2024-05-29,3.15,BAMLH0A0HYM2,actual
2024-05-30,3.19,BAMLH0A0HYM2,actual
2024-05-31,3.2,BAMLH0A0HYM2,actual
2024-06-03,3.17,BAMLH0A0HYM2,actual
2024-06-04,3.22,BAMLH0A0HYM2,actual
2024-06-05,3.2,BAMLH0A0HYM2,actual
2024-06-06,3.2,BAMLH0A0HYM2,actual
2024-06-07,3.15,BAMLH0A0HYM2,actual
2024-06-10,3.15,BAMLH0A0HYM2,actual
2024-06-11,3.19,BAMLH0A0HYM2,actual
2024-06-12,3.09,BAMLH0A0HYM2,actual
2024-06-13,3.2,BAMLH0A0HYM2,actual
2024-06-14,3.29,BAMLH0A0HYM2,actual
2024-06-17,3.26,BAMLH0A0HYM2,actual
2024-06-18,3.24,BAMLH0A0HYM2,actual
2024-06-19,3.24,BAMLH0A0HYM2,actual
2024-06-20,3.23,BAMLH0A0HYM2,actual
2024-06-21,3.21,BAMLH0A0HYM2,actual
2024-06-24,3.19,BAMLH0A0HYM2,actual
2024-06-25,3.19,BAMLH0A0HYM2,actual
2024-06-26,3.18,BAMLH0A0HYM2,actual
2024-06-27,3.21,BAMLH0A0HYM2,actual
2024-06-28,3.18,BAMLH0A0HYM2,actual
2024-06-30,3.21,BAMLH0A0HYM2,actual
2024-07-01,3.21,BAMLH0A0HYM2,actual
2024-07-02,3.23,BAMLH0A0HYM2,actual
2024-07-03,3.25,BAMLH0A0HYM2,actual
2024-07-04,3.25,BAMLH0A0HYM2,actual
2024-07-05,3.27,BAMLH0A0HYM2,actual
2024-07-08,3.2,BAMLH0A0HYM2,actual
2024-07-09,3.21,BAMLH0A0HYM2,actual
2024-07-10,3.17,BAMLH0A0HYM2,actual
2024-07-11,3.18,BAMLH0A0HYM2,actual
2024-07-12,3.19,BAMLH0A0HYM2,actual
2024-07-15,3.13,BAMLH0A0HYM2,actual
2024-07-16,3.08,BAMLH0A0HYM2,actual
2024-07-17,3.09,BAMLH0A0HYM2,actual
2024-07-18,3.09,BAMLH0A0HYM2,actual
2024-07-19,3.09,BAMLH0A0HYM2,actual
2024-07-22,3.05,BAMLH0A0HYM2,actual
2024-07-23,3.02,BAMLH0A0HYM2,actual
2024-07-24,3.1,BAMLH0A0HYM2,actual
2024-07-25,3.08,BAMLH0A0HYM2,actual
2024-07-26,3.1,BAMLH0A0HYM2,actual
2024-07-29,3.13,BAMLH0A0HYM2,actual
2024-07-30,3.2,BAMLH0A0HYM2,actual
2024-07-31,3.25,BAMLH0A0HYM2,actual
2024-08-01,3.35,BAMLH0A0HYM2,actual
2024-08-02,3.72,BAMLH0A0HYM2,actual
2024-08-05,3.93,BAMLH0A0HYM2,actual
2024-08-06,3.67,BAMLH0A0HYM2,actual
2024-08-07,3.57,BAMLH0A0HYM2,actual
2024-08-08,3.48,BAMLH0A0HYM2,actual
2024-08-09,3.49,BAMLH0A0HYM2,actual
2024-08-12,3.52,BAMLH0A0HYM2,actual
2024-08-13,3.54,BAMLH0A0HYM2,actual
2024-08-14,3.46,BAMLH0A0HYM2,actual
2024-08-15,3.31,BAMLH0A0HYM2,actual
2024-08-16,3.29,BAMLH0A0HYM2,actual
2024-08-19,3.21,BAMLH0A0HYM2,actual
2024-08-20,3.25,BAMLH0A0HYM2,actual
2024-08-21,3.27,BAMLH0A0HYM2,actual
2024-08-22,3.21,BAMLH0A0HYM2,actual
2024-08-23,3.19,BAMLH0A0HYM2,actual
2024-08-26,3.15,BAMLH0A0HYM2,actual
2024-08-27,3.17,BAMLH0A0HYM2,actual
2024-08-28,3.19,BAMLH0A0HYM2,actual
2024-08-29,3.15,BAMLH0A0HYM2,actual
2024-08-30,3.13,BAMLH0A0HYM2,actual
2024-08-31,3.17,BAMLH0A0HYM2,actual
2024-09-02,3.17,BAMLH0A0HYM2,actual
2024-09-03,3.31,BAMLH0A0HYM2,actual
2024-09-04,3.35,BAMLH0A0HYM2,actual
2024-09-05,3.29,BAMLH0A0HYM2,actual
2024-09-06,3.39,BAMLH0A0HYM2,actual
2024-09-09,3.36,BAMLH0A0HYM2,actual
2024-09-10,3.46,BAMLH0A0HYM2,actual
2024-09-11,3.44,BAMLH0A0HYM2,actual
2024-09-12,3.39,BAMLH0A0HYM2,actual
2024-09-13,3.37,BAMLH0A0HYM2,actual
2024-09-16,3.32,BAMLH0A0HYM2,actual
2024-09-17,3.25,BAMLH0A0HYM2,actual
2024-09-18,3.21,BAMLH0A0HYM2,actual
2024-09-19,3.1,BAMLH0A0HYM2,actual
2024-09-20,3.15,BAMLH0A0HYM2,actual
2024-09-23,3.15,BAMLH0A0HYM2,actual
2024-09-24,3.21,BAMLH0A0HYM2,actual
2024-09-25,3.19,BAMLH0A0HYM2,actual
2024-09-26,3.14,BAMLH0A0HYM2,actual
2024-09-27,3.14,BAMLH0A0HYM2,actual
2024-09-30,3.03,BAMLH0A0HYM2,actual
2024-10-01,3.07,BAMLH0A0HYM2,actual
2024-10-02,3.06,BAMLH0A0HYM2,actual
2024-10-03,3.04,BAMLH0A0HYM2,actual
2024-10-04,2.89,BAMLH0A0HYM2,actual
2024-10-07,2.95,BAMLH0A0HYM2,actual
2024-10-08,2.99,BAMLH0A0HYM2,actual
2024-10-09,2.94,BAMLH0A0HYM2,actual
2024-10-10,2.99,BAMLH0A0HYM2,actual
2024-10-11,2.98,BAMLH0A0HYM2,actual
2024-10-14,2.97,BAMLH0A0HYM2,actual
2024-10-15,2.93,BAMLH0A0HYM2,actual
2024-10-16,2.9,BAMLH0A0HYM2,actual
2024-10-17,2.89,BAMLH0A0HYM2,actual
2024-10-18,2.88,BAMLH0A0HYM2,actual
2024-10-21,2.88,BAMLH0A0HYM2,actual
2024-10-22,2.92,BAMLH0A0HYM2,actual
2024-10-23,2.95,BAMLH0A0HYM2,actual
2024-10-24,2.93,BAMLH0A0HYM2,actual
2024-10-25,2.89,BAMLH0A0HYM2,actual
2024-10-28,2.82,BAMLH0A0HYM2,actual
2024-10-29,2.85,BAMLH0A0HYM2,actual
2024-10-30,2.8,BAMLH0A0HYM2,actual
2024-10-31,2.88,BAMLH0A0HYM2,actual
2024-11-01,2.83,BAMLH0A0HYM2,actual
2024-11-04,2.87,BAMLH0A0HYM2,actual
2024-11-05,2.86,BAMLH0A0HYM2,actual
2024-11-06,2.74,BAMLH0A0HYM2,actual
2024-11-07,2.73,BAMLH0A0HYM2,actual
2024-11-08,2.63,BAMLH0A0HYM2,actual
2024-11-11,2.63,BAMLH0A0HYM2,actual
2024-11-12,2.61,BAMLH0A0HYM2,actual
2024-11-13,2.64,BAMLH0A0HYM2,actual
2024-11-14,2.6,BAMLH0A0HYM2,actual
2024-11-15,2.72,BAMLH0A0HYM2,actual
2024-11-18,2.72,BAMLH0A0HYM2,actual
2024-11-19,2.69,BAMLH0A0HYM2,actual
2024-11-20,2.67,BAMLH0A0HYM2,actual
2024-11-21,2.61,BAMLH0A0HYM2,actual
2024-11-22,2.61,BAMLH0A0HYM2,actual
2024-11-25,2.64,BAMLH0A0HYM2,actual
2024-11-26,2.68,BAMLH0A0HYM2,actual
2024-11-27,2.69,BAMLH0A0HYM2,actual
2024-11-28,2.69,BAMLH0A0HYM2,actual
2024-11-29,2.72,BAMLH0A0HYM2,actual
2024-11-30,2.74,BAMLH0A0HYM2,actual
2024-12-02,2.68,BAMLH0A0HYM2,actual
2024-12-03,2.66,BAMLH0A0HYM2,actual
2024-12-04,2.66,BAMLH0A0HYM2,actual
2024-12-05,2.66,BAMLH0A0HYM2,actual
2024-12-06,2.67,BAMLH0A0HYM2,actual
2024-12-09,2.67,BAMLH0A0HYM2,actual
2024-12-10,2.67,BAMLH0A0HYM2,actual
2024-12-11,2.64,BAMLH0A0HYM2,actual
2024-12-12,2.66,BAMLH0A0HYM2,actual
2024-12-13,2.68,BAMLH0A0HYM2,actual
2024-12-16,2.69,BAMLH0A0HYM2,actual
2024-12-17,2.75,BAMLH0A0HYM2,actual
2024-12-18,2.73,BAMLH0A0HYM2,actual
2024-12-19,2.91,BAMLH0A0HYM2,actual
2024-12-20,2.86,BAMLH0A0HYM2,actual
2024-12-23,2.85,BAMLH0A0HYM2,actual
2024-12-24,2.86,BAMLH0A0HYM2,actual
2024-12-25,,BAMLH0A0HYM2,actual
2024-12-26,2.86,BAMLH0A0HYM2,actual
2024-12-27,2.84,BAMLH0A0HYM2,actual
2024-12-30,2.94,BAMLH0A0HYM2,actual
2024-12-31,2.92,BAMLH0A0HYM2,actual
2025-01-01,,BAMLH0A0HYM2,actual
2025-01-02,2.88,BAMLH0A0HYM2,actual
2025-01-03,2.81,BAMLH0A0HYM2,actual
2025-01-06,2.76,BAMLH0A0HYM2,actual
2025-01-07,2.79,BAMLH0A0HYM2,actual
2025-01-08,2.84,BAMLH0A0HYM2,actual
2025-01-09,2.82,BAMLH0A0HYM2,actual
2020-01-01,,DGS10,actual
2020-01-02,1.88,DGS10,actual
2020-01-03,1.8,DGS10,actual
2020-01-06,1.81,DGS10,actual
2020-01-07,1.83,DGS10,actual
2020-01-08,1.87,DGS10,actual
2020-01-09,1.85,DGS10,actual
2020-01-10,1.83,DGS10,actual
2020-01-13,1.85,DGS10,actual
2020-01-14,1.82,DGS10,actual
2020-01-15,1.79,DGS10,actual
2020-01-16,1.81,DGS10,actual
2020-01-17,1.84,DGS10,actual
2020-01-20,,DGS10,actual
2020-01-21,1.78,DGS10,actual
2020-01-22,1.77,DGS10,actual
2020-01-23,1.74,DGS10,actual
2020-01-24,1.7,DGS10,actual
2020-01-27,1.61,DGS10,actual
2020-01-28,1.65,DGS10,actual
2020-01-29,1.6,DGS10,actual
2020-01-30,1.57,DGS10,actual
2020-01-31,1.51,DGS10,actual
2020-02-03,1.54,DGS10,actual
2020-02-04,1.61,DGS10,actual
2020-02-05,1.66,DGS10,actual
2020-02-06,1.65,DGS10,actual
2020-02-07,1.59,DGS10,actual
2020-02-10,1.56,DGS10,actual
2020-02-11,1.59,DGS10,actual
2020-02-12,1.62,DGS10,actual
2020-02-13,1.61,DGS10,actual
2020-02-14,1.59,DGS10,actual
2020-02-17,,DGS10,actual
2020-02-18,1.55,DGS10,actual
2020-02-19,1.56,DGS10,actual
2020-02-20,1.52,DGS10,actual
2020-02-21,1.46,DGS10,actual
2020-02-24,1.38,DGS10,actual
2020-02-25,1.33,DGS10,actual
2020-02-26,1.33,DGS10,actual
2020-02-27,1.3,DGS10,actual
2020-02-28,1.13,DGS10,actual
2020-03-02,1.1,DGS10,actual
2020-03-03,1.02,DGS10,actual
2020-03-04,1.02,DGS10,actual
2020-03-05,0.92,DGS10,actual
2020-03-06,0.74,DGS10,actual
2020-03-09,0.54,DGS10,actual
2020-03-10,0.76,DGS10,actual
2020-03-11,0.82,DGS10,actual
2020-03-12,0.88,DGS10,actual
2020-03-13,0.94,DGS10,actual
2020-03-16,0.73,DGS10,actual
2020-03-17,1.02,DGS10,actual
2020-03-18,1.18,DGS10,actual
2020-03-19,1.12,DGS10,actual
2020-03-20,0.92,DGS10,actual
2020-03-23,0.76,DGS10,actual
2020-03-24,0.84,DGS10,actual
2020-03-25,0.88,DGS10,actual
2020-03-26,0.83,DGS10,actual
2020-03-27,0.72,DGS10,actual
2020-03-30,0.7,DGS10,actual
2020-03-31,0.7,DGS10,actual
2020-04-01,0.62,DGS10,actual
2020-04-02,0.63,DGS10,actual
2020-04-03,0.62,DGS10,actual
2020-04-06,0.67,DGS10,actual
2020-04-07,0.75,DGS10,actual
2020-04-08,0.77,DGS10,actual
2020-04-09,0.73,DGS10,actual
2020-04-10,,DGS10,actual
2020-04-13,0.76,DGS10,actual
2020-04-14,0.76,DGS10,actual
2020-04-15,0.63,DGS10,actual
2020-04-16,0.61,DGS10,actual
2020-04-17,0.65,DGS10,actual
2020-04-20,0.63,DGS10,actual
2020-04-21,0.58,DGS10,actual
2020-04-22,0.63,DGS10,actual
2020-04-23,0.61,DGS10,actual
2020-04-24,0.6,DGS10,actual
2020-04-27,0.67,DGS10,actual
2020-04-28,0.62,DGS10,actual
2020-04-29,0.63,DGS10,actual
2020-04-30,0.64,DGS10,actual
2020-05-01,0.64,DGS10,actual
2020-05-04,0.64,DGS10,actual
2020-05-05,0.66,DGS10,actual
2020-05-06,0.72,DGS10,actual
2020-05-07,0.63,DGS10,actual
2020-05-08,0.69,DGS10,actual
2020-05-11,0.73,DGS10,actual
2020-05-12,0.69,DGS10,actual
2020-05-13,0.64,DGS10,actual
2020-05-14,0.63,DGS10,actual
2020-05-15,0.64,DGS10,actual
2020-05-18,0.73,DGS10,actual
2020-05-19,0.7,DGS10,actual
2020-05-20,0.68,DGS10,actual
2020-05-21,0.68,DGS10,actual
2020-05-22,0.66,DGS10,actual
2020-05-25,,DGS10,actual
2020-05-26,0.69,DGS10,actual
2020-05-27,0.68,DGS10,actual
2020-05-28,0.7,DGS10,actual
2020-05-29,0.65,DGS10,actual
2020-06-01,0.66,DGS10,actual
2020-06-02,0.68,DGS10,actual
2020-06-03,0.77,DGS10,actual
2020-06-04,0.82,DGS10,actual
2020-06-05,0.91,DGS10,actual
2020-06-08,0.88,DGS10,actual
2020-06-09,0.84,DGS10,actual
2020-06-10,0.75,DGS10,actual
2020-06-11,0.66,DGS10,actual
2020-06-12,0.71,DGS10,actual
2020-06-15,0.71,DGS10,actual
2020-06-16,0.75,DGS10,actual
2020-06-17,0.74,DGS10,actual
2020-06-18,0.71,DGS10,actual
2020-06-19,0.7,DGS10,actual
2020-06-22,0.71,DGS10,actual
2020-06-23,0.72,DGS10,actual
2020-06-24,0.69,DGS10,actual
2020-06-25,0.68,DGS10,actual
2020-06-26,0.64,DGS10,actual
2020-06-29,0.64,DGS10,actual
2020-06-30,0.66,DGS10,actual
2020-07-01,0.69,DGS10,actual
2020-07-02,0.68,DGS10,actual
2020-07-03,,DGS10,actual
2020-07-06,0.69,DGS10,actual
2020-07-07,0.65,DGS10,actual
2020-07-08,0.67,DGS10,actual
2020-07-09,0.62,DGS10,actual
2020-07-10,0.65,DGS10,actual
2020-07-13,0.64,DGS10,actual
2020-07-14,0.63,DGS10,actual
2020-07-15,0.64,DGS10,actual
2020-07-16,0.62,DGS10,actual
2020-07-17,0.64,DGS10,actual
2020-07-20,0.62,DGS10,actual
2020-07-21,0.61,DGS10,actual
2020-07-22,0.6,DGS10,actual
2020-07-23,0.59,DGS10,actual
2020-07-24,0.59,DGS10,actual
2020-07-27,0.62,DGS10,actual
2020-07-28,0.59,DGS10,actual
2020-07-29,0.58,DGS10,actual
2020-07-30,0.55,DGS10,actual
2020-07-31,0.55,DGS10,actual
2020-08-03,0.56,DGS10,actual
2020-08-04,0.52,DGS10,actual
2020-08-05,0.55,DGS10,actual
2020-08-06,0.55,DGS10,actual
2020-08-07,0.57,DGS10,actual
2020-08-10,0.59,DGS10,actual
2020-08-11,0.64,DGS10,actual
2020-08-12,0.69,DGS10,actual
2020-08-13,0.71,DGS10,actual
2020-08-14,0.71,DGS10,actual
2020-08-17,0.69,DGS10,actual
2020-08-18,0.67,DGS10,actual
2020-08-19,0.68,DGS10,actual
2020-08-20,0.65,DGS10,actual
2020-08-21,0.64,DGS10,actual
2020-08-24,0.65,DGS10,actual
2020-08-25,0.69,DGS10,actual
2020-08-26,0.69,DGS10,actual
2020-08-27,0.74,DGS10,actual
2020-08-28,0.74,DGS10,actual
2020-08-31,0.72,DGS10,actual
2020-09-01,0.68,DGS10,actual
2020-09-02,0.66,DGS10,actual
2020-09-03,0.63,DGS10,actual
2020-09-04,0.72,DGS10,actual
2020-09-07,,DGS10,actual
2020-09-08,0.69,DGS10,actual
2020-09-09,0.71,DGS10,actual
2020-09-10,0.68,DGS10,actual
2020-09-11,0.67,DGS10,actual
2020-09-14,0.68,DGS10,actual
2020-09-15,0.68,DGS10,actual
2020-09-16,0.69,DGS10,actual
2020-09-17,0.69,DGS10,actual
2020-09-18,0.7,DGS10,actual
2020-09-21,0.68,DGS10,actual
2020-09-22,0.68,DGS10,actual
2020-09-23,0.68,DGS10,actual
2020-09-24,0.67,DGS10,actual
2020-09-25,0.66,DGS10,actual
2020-09-28,0.67,DGS10,actual
2020-09-29,0.66,DGS10,actual
2020-09-30,0.69,DGS10,actual
2020-10-01,0.68,DGS10,actual
2020-10-02,0.7,DGS10,actual
2020-10-05,0.78,DGS10,actual
2020-10-06,0.76,DGS10,actual
2020-10-07,0.81,DGS10,actual
2020-10-08,0.78,DGS10,actual
2020-10-09,0.79,DGS10,actual
2020-10-12,,DGS10,actual
2020-10-13,0.74,DGS10,actual
2020-10-14,0.73,DGS10,actual
2020-10-15,0.74,DGS10,actual
2020-10-16,0.76,DGS10,actual
2020-10-19,0.78,DGS10,actual
2020-10-20,0.81,DGS10,actual
2020-10-21,0.83,DGS10,actual
2020-10-22,0.87,DGS10,actual
2020-10-23,0.85,DGS10,actual
2020-10-26,0.81,DGS10,actual
2020-10-27,0.79,DGS10,actual
2020-10-28,0.79,DGS10,actual
2020-10-29,0.85,DGS10,actual
2020-10-30,0.88,DGS10,actual
2020-11-02,0.87,DGS10,actual
2020-11-03,0.9,DGS10,actual
2020-11-04,0.78,DGS10,actual
2020-11-05,0.79,DGS10,actual
2020-11-06,0.83,DGS10,actual
2020-11-09,0.96,DGS10,actual
2020-11-10,0.98,DGS10,actual
2020-11-11,,DGS10,actual
2020-11-12,0.88,DGS10,actual
2020-11-13,0.89,DGS10,actual
2020-11-16,0.91,DGS10,actual
2020-11-17,0.87,DGS10,actual
2020-11-18,0.88,DGS10,actual
2020-11-19,0.86,DGS10,actual
2020-11-20,0.83,DGS10,actual
2020-11-23,0.86,DGS10,actual
2020-11-24,0.88,DGS10,actual
2020-11-25,0.88,DGS10,actual
2020-11-26,,DGS10,actual
2020-11-27,0.84,DGS10,actual
2020-11-30,0.84,DGS10,actual
2020-12-01,0.92,DGS10,actual
2020-12-02,0.95,DGS10,actual
2020-12-03,0.92,DGS10,actual
2020-12-04,0.97,DGS10,actual
2020-12-07,0.94,DGS10,actual
2020-12-08,0.92,DGS10,actual
2020-12-09,0.95,DGS10,actual
2020-12-10,0.92,DGS10,actual
2020-12-11,0.9,DGS10,actual
2020-12-14,0.9,DGS10,actual
2020-12-15,0.92,DGS10,actual
2020-12-16,0.92,DGS10,actual
2020-12-17,0.94,DGS10,actual
2020-12-18,0.95,DGS10,actual
2020-12-21,0.95,DGS10,actual
2020-12-22,0.93,DGS10,actual
2020-12-23,0.96,DGS10,actual
2020-12-24,0.94,DGS10,actual
2020-12-25,,DGS10,actual
2020-12-28,0.94,DGS10,actual
2020-12-29,0.94,DGS10,actual
2020-12-30,0.93,DGS10,actual
2020-12-31,0.93,DGS10,actual
2021-01-01,,DGS10,actual
2021-01-04,0.93,DGS10,actual
2021-01-05,0.96,DGS10,actual
2021-01-06,1.04,DGS10,actual
2021-01-07,1.08,DGS10,actual
2021-01-08,1.13,DGS10,actual
2021-01-11,1.15,DGS10,actual
2021-01-12,1.15,DGS10,actual
2021-01-13,1.1,DGS10,actual
2021-01-14,1.15,DGS10,actual
2021-01-15,1.11,DGS10,actual
2021-01-18,,DGS10,actual
2021-01-19,1.1,DGS10,actual
2021-01-20,1.1,DGS10,actual
2021-01-21,1.12,DGS10,actual
2021-01-22,1.1,DGS10,actual
2021-01-25,1.05,DGS10,actual
2021-01-26,1.05,DGS10,actual
2021-01-27,1.04,DGS10,actual
2021-01-28,1.07,DGS10,actual
2021-01-29,1.11,DGS10,actual
2021-02-01,1.09,DGS10,actual
2021-02-02,1.12,DGS10,actual
2021-02-03,1.15,DGS10,actual
2021-02-04,1.15,DGS10,actual
2021-02-05,1.19,DGS10,actual
2021-02-08,1.19,DGS10,actual
2021-02-09,1.18,DGS10,actual
2021-02-10,1.15,DGS10,actual
2021-02-11,1.16,DGS10,actual
2021-02-12,1.2,DGS10,actual
2021-02-15,,DGS10,actual
2021-02-16,1.3,DGS10,actual
2021-02-17,1.29,DGS10,actual
2021-02-18,1.29,DGS10,actual
2021-02-19,1.34,DGS10,actual
2021-02-22,1.37,DGS10,actual
2021-02-23,1.37,DGS10,actual
2021-02-24,1.38,DGS10,actual
2021-02-25,1.54,DGS10,actual
2021-02-26,1.44,DGS10,actual
2021-03-01,1.45,DGS10,actual
2021-03-02,1.42,DGS10,actual
2021-03-03,1.47,DGS10,actual
2021-03-04,1.54,DGS10,actual
2021-03-05,1.56,DGS10,actual
2021-03-08,1.59,DGS10,actual
2021-03-09,1.55,DGS10,actual
2021-03-10,1.53,DGS10,actual
2021-03-11,1.54,DGS10,actual
2021-03-12,1.64,DGS10,actual
2021-03-15,1.62,DGS10,actual
2021-03-16,1.62,DGS10,actual
2021-03-17,1.63,DGS10,actual
2021-03-18,1.71,DGS10,actual
2021-03-19,1.74,DGS10,actual
2021-03-22,1.69,DGS10,actual
2021-03-23,1.63,DGS10,actual
2021-03-24,1.62,DGS10,actual
2021-03-25,1.63,DGS10,actual
2021-03-26,1.67,DGS10,actual
2021-03-29,1.73,DGS10,actual
2021-03-30,1.73,DGS10,actual
2021-03-31,1.74,DGS10,actual
2021-04-01,1.69,DGS10,actual
2021-04-02,1.72,DGS10,actual
2021-04-05,1.73,DGS10,actual
2021-04-06,1.67,DGS10,actual
2021-04-07,1.68,DGS10,actual
2021-04-08,1.64,DGS10,actual
2021-04-09,1.67,DGS10,actual
2021-04-12,1.69,DGS10,actual
2021-04-13,1.64,DGS10,actual
2021-04-14,1.64,DGS10,actual
2021-04-15,1.56,DGS10,actual
2021-04-16,1.59,DGS10,actual
2021-04-19,1.61,DGS10,actual
2021-04-20,1.58,DGS10,actual
2021-04-21,1.57,DGS10,actual
2021-04-22,1.57,DGS10,actual
2021-04-23,1.58,DGS10,actual
2021-04-26,1.58,DGS10,actual
2021-04-27,1.63,DGS10,actual
2021-04-28,1.63,DGS10,actual
2021-04-29,1.65,DGS10,actual
2021-04-30,1.65,DGS10,actual
2021-05-03,1.63,DGS10,actual
2021-05-04,1.61,DGS10,actual
2021-05-05,1.59,DGS10,actual
2021-05-06,1.58,DGS10,actual
2021-05-07,1.6,DGS10,actual
2021-05-10,1.63,DGS10,actual
2021-05-11,1.64,DGS10,actual
2021-05-12,1.69,DGS10,actual
2021-05-13,1.66,DGS10,actual
2021-05-14,1.63,DGS10,actual
2021-05-17,1.64,DGS10,actual
2021-05-18,1.64,DGS10,actual
2021-05-19,1.68,DGS10,actual
2021-05-20,1.63,DGS10,actual
2021-05-21,1.63,DGS10,actual
2021-05-24,1.61,DGS10,actual
2021-05-25,1.56,DGS10,actual
2021-05-26,1.58,DGS10,actual
2021-05-27,1.61,DGS10,actual
2021-05-28,1.58,DGS10,actual
2021-05-31,,DGS10,actual
2021-06-01,1.62,DGS10,actual
2021-06-02,1.59,DGS10,actual
2021-06-03,1.63,DGS10,actual
2021-06-04,1.56,DGS10,actual
2021-06-07,1.57,DGS10,actual
2021-06-08,1.53,DGS10,actual
2021-06-09,1.5,DGS10,actual
2021-06-10,1.45,DGS10,actual
2021-06-11,1.47,DGS10,actual
2021-06-14,1.51,DGS10,actual
2021-06-15,1.51,DGS10,actual
2021-06-16,1.57,DGS10,actual
2021-06-17,1.52,DGS10,actual
2021-06-18,1.45,DGS10,actual
2021-06-21,1.5,DGS10,actual
2021-06-22,1.48,DGS10,actual
2021-06-23,1.5,DGS10,actual
2021-06-24,1.49,DGS10,actual
2021-06-25,1.54,DGS10,actual
2021-06-28,1.49,DGS10,actual
2021-06-29,1.49,DGS10,actual
2021-06-30,1.45,DGS10,actual
2021-07-01,1.48,DGS10,actual
2021-07-02,1.44,DGS10,actual
2021-07-05,,DGS10,actual
2021-07-06,1.37,DGS10,actual
2021-07-07,1.33,DGS10,actual
2021-07-08,1.3,DGS10,actual
2021-07-09,1.37,DGS10,actual
2021-07-12,1.38,DGS10,actual
2021-07-13,1.42,DGS10,actual
2021-07-14,1.37,DGS10,actual
2021-07-15,1.31,DGS10,actual
2021-07-16,1.31,DGS10,actual
2021-07-19,1.19,DGS10,actual
2021-07-20,1.23,DGS10,actual
2021-07-21,1.3,DGS10,actual
2021-07-22,1.27,DGS10,actual
2021-07-23,1.3,DGS10,actual
2021-07-26,1.29,DGS10,actual
2021-07-27,1.25,DGS10,actual
2021-07-28,1.26,DGS10,actual
2021-07-29,1.28,DGS10,actual
2021-07-30,1.24,DGS10,actual
2021-08-02,1.2,DGS10,actual
2021-08-03,1.19,DGS10,actual
2021-08-04,1.19,DGS10,actual
2021-08-05,1.23,DGS10,actual
2021-08-06,1.31,DGS10,actual
2021-08-09,1.33,DGS10,actual
2021-08-10,1.36,DGS10,actual
2021-08-11,1.35,DGS10,actual
2021-08-12,1.36,DGS10,actual
2021-08-13,1.29,DGS10,actual
2021-08-16,1.26,DGS10,actual
2021-08-17,1.26,DGS10,actual
2021-08-18,1.27,DGS10,actual
2021-08-19,1.24,DGS10,actual
2021-08-20,1.26,DGS10,actual
2021-08-23,1.25,DGS10,actual
2021-08-24,1.29,DGS10,actual
2021-08-25,1.35,DGS10,actual
2021-08-26,1.34,DGS10,actual
2021-08-27,1.31,DGS10,actual
2021-08-30,1.29,DGS10,actual
2021-08-31,1.3,DGS10,actual
2021-09-01,1.31,DGS10,actual
2021-09-02,1.29,DGS10,actual
2021-09-03,1.33,DGS10,actual
2021-09-06,,DGS10,actual
2021-09-07,1.38,DGS10,actual
2021-09-08,1.35,DGS10,actual
2021-09-09,1.3,DGS10,actual
2021-09-10,1.35,DGS10,actual
2021-09-13,1.33,DGS10,actual
2021-09-14,1.28,DGS10,actual
2021-09-15,1.31,DGS10,actual
2021-09-16,1.34,DGS10,actual
2021-09-17,1.37,DGS10,actual
2021-09-20,1.31,DGS10,actual
2021-09-21,1.33,DGS10,actual
2021-09-22,1.32,DGS10,actual
2021-09-23,1.41,DGS10,actual
2021-09-24,1.47,DGS10,actual
2021-09-27,1.48,DGS10,actual
2021-09-28,1.54,DGS10,actual
2021-09-29,1.55,DGS10,actual
2021-09-30,1.52,DGS10,actual
2021-10-01,1.48,DGS10,actual
2021-10-04,1.49,DGS10,actual
2021-10-05,1.54,DGS10,actual
2021-10-06,1.53,DGS10,actual
2021-10-07,1.58,DGS10,actual
2021-10-08,1.61,DGS10,actual
2021-10-11,,DGS10,actual
2021-10-12,1.59,DGS10,actual
2021-10-13,1.56,DGS10,actual
2021-10-14,1.52,DGS10,actual
2021-10-15,1.59,DGS10,actual
2021-10-18,1.59,DGS10,actual
2021-10-19,1.65,DGS10,actual
2021-10-20,1.65,DGS10,actual
2021-10-21,1.68,DGS10,actual
2021-10-22,1.66,DGS10,actual
2021-10-25,1.64,DGS10,actual
2021-10-26,1.63,DGS10,actual
2021-10-27,1.54,DGS10,actual
2021-10-28,1.57,DGS10,actual
2021-10-29,1.55,DGS10,actual
2021-11-01,1.58,DGS10,actual
2021-11-02,1.56,DGS10,actual
2021-11-03,1.6,DGS10,actual
2021-11-04,1.53,DGS10,actual
2021-11-05,1.45,DGS10,actual
2021-11-08,1.51,DGS10,actual
2021-11-09,1.46,DGS10,actual
2021-11-10,1.56,DGS10,actual
2021-11-11,,DGS10,actual
2021-11-12,1.58,DGS10,actual
2021-11-15,1.63,DGS10,actual
2021-11-16,1.63,DGS10,actual
2021-11-17,1.6,DGS10,actual
2021-11-18,1.59,DGS10,actual
2021-11-19,1.54,DGS10,actual
2021-11-22,1.63,DGS10,actual
2021-11-23,1.67,DGS10,actual
2021-11-24,1.64,DGS10,actual
2021-11-25,,DGS10,actual
2021-11-26,1.48,DGS10,actual
2021-11-29,1.52,DGS10,actual
2021-11-30,1.43,DGS10,actual
2021-12-01,1.43,DGS10,actual
2021-12-02,1.44,DGS10,actual
2021-12-03,1.35,DGS10,actual
2021-12-06,1.43,DGS10,actual
2021-12-07,1.48,DGS10,actual
2021-12-08,1.52,DGS10,actual
2021-12-09,1.49,DGS10,actual
2021-12-10,1.48,DGS10,actual
2021-12-13,1.42,DGS10,actual
2021-12-14,1.44,DGS10,actual
2021-12-15,1.47,DGS10,actual
2021-12-16,1.44,DGS10,actual
2021-12-17,1.41,DGS10,actual
2021-12-20,1.43,DGS10,actual
2021-12-21,1.48,DGS10,actual
2021-12-22,1.46,DGS10,actual
2021-12-23,1.5,DGS10,actual
2021-12-24,,DGS10,actual
2021-12-27,1.48,DGS10,actual
2021-12-28,1.49,DGS10,actual
2021-12-29,1.55,DGS10,actual
2021-12-30,1.52,DGS10,actual
2021-12-31,1.52,DGS10,actual
2022-01-03,1.63,DGS10,actual
2022-01-04,1.66,DGS10,actual
2022-01-05,1.71,DGS10,actual
2022-01-06,1.73,DGS10,actual
2022-01-07,1.76,DGS10,actual
2022-01-10,1.78,DGS10,actual
2022-01-11,1.75,DGS10,actual
2022-01-12,1.74,DGS10,actual
2022-01-13,1.7,DGS10,actual
2022-01-14,1.78,DGS10,actual
2022-01-17,,DGS10,actual
2022-01-18,1.87,DGS10,actual
2022-01-19,1.83,DGS10,actual
2022-01-20,1.83,DGS10,actual
2022-01-21,1.75,DGS10,actual
2022-01-24,1.75,DGS10,actual
2022-01-25,1.78,DGS10,actual
2022-01-26,1.85,DGS10,actual
2022-01-27,1.81,DGS10,actual
2022-01-28,1.78,DGS10,actual
2022-01-31,1.79,DGS10,actual
2022-02-01,1.81,DGS10,actual
2022-02-02,1.78,DGS10,actual
2022-02-03,1.82,DGS10,actual
2022-02-04,1.93,DGS10,actual
2022-02-07,1.92,DGS10,actual
2022-02-08,1.96,DGS10,actual
2022-02-09,1.94,DGS10,actual
2022-02-10,2.03,DGS10,actual
2022-02-11,1.92,DGS10,actual
2022-02-14,1.98,DGS10,actual
2022-02-15,2.05,DGS10,actual
2022-02-16,2.03,DGS10,actual
2022-02-17,1.97,DGS10,actual
2022-02-18,1.92,DGS10,actual
2022-02-21,,DGS10,actual
2022-02-22,1.94,DGS10,actual
2022-02-23,1.99,DGS10,actual
2022-02-24,1.96,DGS10,actual
2022-02-25,1.97,DGS10,actual
2022-02-28,1.83,DGS10,actual
2022-03-01,1.72,DGS10,actual
2022-03-02,1.86,DGS10,actual
2022-03-03,1.86,DGS10,actual
2022-03-04,1.74,DGS10,actual
2022-03-07,1.78,DGS10,actual
2022-03-08,1.86,DGS10,actual
2022-03-09,1.94,DGS10,actual
2022-03-10,1.98,DGS10,actual
2022-03-11,2.0,DGS10,actual
2022-03-14,2.14,DGS10,actual
2022-03-15,2.15,DGS10,actual
2022-03-16,2.19,DGS10,actual
2022-03-17,2.2,DGS10,actual
2022-03-18,2.14,DGS10,actual
2022-03-21,2.32,DGS10,actual
2022-03-22,2.38,DGS10,actual
2022-03-23,2.32,DGS10,actual
2022-03-24,2.34,DGS10,actual
2022-03-25,2.48,DGS10,actual
2022-03-28,2.46,DGS10,actual
2022-03-29,2.41,DGS10,actual
2022-03-30,2.35,DGS10,actual
2022-03-31,2.32,DGS10,actual
2022-04-01,2.39,DGS10,actual
2022-04-04,2.42,DGS10,actual
2022-04-05,2.54,DGS10,actual
2022-04-06,2.61,DGS10,actual
2022-04-07,2.66,DGS10,actual
2022-04-08,2.72,DGS10,actual
2022-04-11,2.79,DGS10,actual
2022-04-12,2.72,DGS10,actual
2022-04-13,2.7,DGS10,actual
2022-04-14,2.83,DGS10,actual
2022-04-15,,DGS10,actual
2022-04-18,2.85,DGS10,actual
2022-04-19,2.93,DGS10,actual
2022-04-20,2.85,DGS10,actual
2022-04-21,2.9,DGS10,actual
2022-04-22,2.9,DGS10,actual
2022-04-25,2.81,DGS10,actual
2022-04-26,2.77,DGS10,actual
2022-04-27,2.82,DGS10,actual
2022-04-28,2.85,DGS10,actual
2022-04-29,2.89,DGS10,actual
2022-05-02,2.99,DGS10,actual
2022-05-03,2.97,DGS10,actual
2022-05-04,2.93,DGS10,actual
2022-05-05,3.05,DGS10,actual
2022-05-06,3.12,DGS10,actual
2022-05-09,3.05,DGS10,actual
2022-05-10,2.99,DGS10,actual
2022-05-11,2.91,DGS10,actual
2022-05-12,2.84,DGS10,actual
2022-05-13,2.93,DGS10,actual
2022-05-16,2.88,DGS10,actual
2022-05-17,2.98,DGS10,actual
2022-05-18,2.89,DGS10,actual
2022-05-19,2.84,DGS10,actual
2022-05-20,2.78,DGS10,actual
2022-05-23,2.86,DGS10,actual
2022-05-24,2.76,DGS10,actual
2022-05-25,2.75,DGS10,actual
2022-05-26,2.75,DGS10,actual
2022-05-27,2.74,DGS10,actual
2022-05-30,,DGS10,actual
2022-05-31,2.85,DGS10,actual
2022-06-01,2.94,DGS10,actual
2022-06-02,2.92,DGS10,actual
2022-06-03,2.96,DGS10,actual
2022-06-06,3.04,DGS10,actual
2022-06-07,2.98,DGS10,actual
2022-06-08,3.03,DGS10,actual
2022-06-09,3.04,DGS10,actual
2022-06-10,3.15,DGS10,actual
2022-06-13,3.43,DGS10,actual
2022-06-14,3.49,DGS10,actual
2022-06-15,3.33,DGS10,actual
2022-06-16,3.28,DGS10,actual
2022-06-17,3.25,DGS10,actual
2022-06-20,,DGS10,actual
2022-06-21,3.31,DGS10,actual
2022-06-22,3.16,DGS10,actual
2022-06-23,3.09,DGS10,actual
2022-06-24,3.13,DGS10,actual
2022-06-27,3.2,DGS10,actual
2022-06-28,3.2,DGS10,actual
2022-06-29,3.1,DGS10,actual
2022-06-30,2.98,DGS10,actual
2022-07-01,2.88,DGS10,actual
2022-07-04,,DGS10,actual
2022-07-05,2.82,DGS10,actual
2022-07-06,2.93,DGS10,actual
2022-07-07,3.01,DGS10,actual
2022-07-08,3.09,DGS10,actual
2022-07-11,2.99,DGS10,actual
2022-07-12,2.96,DGS10,actual
2022-07-13,2.91,DGS10,actual
2022-07-14,2.96,DGS10,actual
2022-07-15,2.93,DGS10,actual
2022-07-18,2.96,DGS10,actual
2022-07-19,3.01,DGS10,actual
2022-07-20,3.04,DGS10,actual
2022-07-21,2.91,DGS10,actual
2022-07-22,2.77,DGS10,actual
2022-07-25,2.81,DGS10,actual
2022-07-26,2.81,DGS10,actual
2022-07-27,2.78,DGS10,actual
2022-07-28,2.68,DGS10,actual
2022-07-29,2.67,DGS10,actual
2022-08-01,2.6,DGS10,actual
2022-08-02,2.75,DGS10,actual
2022-08-03,2.73,DGS10,actual
2022-08-04,2.68,DGS10,actual
2022-08-05,2.83,DGS10,actual
2022-08-08,2.77,DGS10,actual
2022-08-09,2.8,DGS10,actual
2022-08-10,2.78,DGS10,actual
2022-08-11,2.87,DGS10,actual
2022-08-12,2.84,DGS10,actual
2022-08-15,2.79,DGS10,actual
2022-08-16,2.82,DGS10,actual
2022-08-17,2.89,DGS10,actual
2022-08-18,2.88,DGS10,actual
2022-08-19,2.98,DGS10,actual
2022-08-22,3.03,DGS10,actual
2022-08-23,3.05,DGS10,actual
2022-08-24,3.11,DGS10,actual
2022-08-25,3.03,DGS10,actual
2022-08-26,3.04,DGS10,actual
2022-08-29,3.12,DGS10,actual
2022-08-30,3.11,DGS10,actual
2022-08-31,3.15,DGS10,actual
2022-09-01,3.26,DGS10,actual
2022-09-02,3.2,DGS10,actual
2022-09-05,,DGS10,actual
2022-09-06,3.33,DGS10,actual
2022-09-07,3.27,DGS10,actual
2022-09-08,3.29,DGS10,actual
2022-09-09,3.33,DGS10,actual
2022-09-12,3.37,DGS10,actual
2022-09-13,3.42,DGS10,actual
2022-09-14,3.41,DGS10,actual
2022-09-15,3.45,DGS10,actual
2022-09-16,3.45,DGS10,actual
2022-09-19,3.49,DGS10,actual
2022-09-20,3.57,DGS10,actual
2022-09-21,3.51,DGS10,actual
2022-09-22,3.7,DGS10,actual
2022-09-23,3.69,DGS10,actual
2022-09-26,3.88,DGS10,actual
2022-09-27,3.97,DGS10,actual
2022-09-28,3.72,DGS10,actual
2022-09-29,3.76,DGS10,actual
2022-09-30,3.83,DGS10,actual
2022-10-03,3.67,DGS10,actual
2022-10-04,3.62,DGS10,actual
2022-10-05,3.76,DGS10,actual
2022-10-06,3.83,DGS10,actual
2022-10-07,3.89,DGS10,actual
2022-10-10,,DGS10,actual
2022-10-11,3.93,DGS10,actual
2022-10-12,3.91,DGS10,actual
2022-10-13,3.97,DGS10,actual
2022-10-14,4.0,DGS10,actual
2022-10-17,4.02,DGS10,actual
2022-10-18,4.01,DGS10,actual
2022-10-19,4.14,DGS10,actual
2022-10-20,4.24,DGS10,actual
2022-10-21,4.21,DGS10,actual
2022-10-24,4.25,DGS10,actual
2022-10-25,4.1,DGS10,actual
2022-10-26,4.04,DGS10,actual
2022-10-27,3.96,DGS10,actual
2022-10-28,4.02,DGS10,actual
2022-10-31,4.1,DGS10,actual
2022-11-01,4.07,DGS10,actual
2022-11-02,4.1,DGS10,actual
2022-11-03,4.14,DGS10,actual
2022-11-04,4.17,DGS10,actual
2022-11-07,4.22,DGS10,actual
2022-11-08,4.14,DGS10,actual
2022-11-09,4.12,DGS10,actual
2022-11-10,3.82,DGS10,actual
2022-11-11,,DGS10,actual
2022-11-14,3.88,DGS10,actual
2022-11-15,3.8,DGS10,actual
2022-11-16,3.67,DGS10,actual
2022-11-17,3.77,DGS10,actual
2022-11-18,3.82,DGS10,actual
2022-11-21,3.83,DGS10,actual
2022-11-22,3.76,DGS10,actual
2022-11-23,3.71,DGS10,actual
2022-11-24,,DGS10,actual
2022-11-25,3.68,DGS10,actual
2022-11-28,3.69,DGS10,actual
2022-11-29,3.75,DGS10,actual
2022-11-30,3.68,DGS10,actual
2022-12-01,3.53,DGS10,actual
2022-12-02,3.51,DGS10,actual
2022-12-05,3.6,DGS10,actual
2022-12-06,3.51,DGS10,actual
2022-12-07,3.42,DGS10,actual
2022-12-08,3.48,DGS10,actual
2022-12-09,3.57,DGS10,actual
2022-12-12,3.61,DGS10,actual
2022-12-13,3.51,DGS10,actual
2022-12-14,3.49,DGS10,actual
2022-12-15,3.44,DGS10,actual
2022-12-16,3.48,DGS10,actual
2022-12-19,3.57,DGS10,actual
2022-12-20,3.69,DGS10,actual
2022-12-21,3.68,DGS10,actual
2022-12-22,3.67,DGS10,actual
2022-12-23,3.75,DGS10,actual
2022-12-26,,DGS10,actual
2022-12-27,3.84,DGS10,actual
2022-12-28,3.88,DGS10,actual
2022-12-29,3.83,DGS10,actual
2022-12-30,3.88,DGS10,actual
2023-01-02,,DGS10,actual
2023-01-03,3.79,DGS10,actual
2023-01-04,3.69,DGS10,actual
2023-01-05,3.71,DGS10,actual
2023-01-06,3.55,DGS10,actual
2023-01-09,3.53,DGS10,actual
2023-01-10,3.61,DGS10,actual
2023-01-11,3.54,DGS10,actual
2023-01-12,3.43,DGS10,actual
2023-01-13,3.49,DGS10,actual
2023-01-16,,DGS10,actual
2023-01-17,3.53,DGS10,actual
2023-01-18,3.37,DGS10,actual
2023-01-19,3.39,DGS10,actual
2023-01-20,3.48,DGS10,actual
2023-01-23,3.52,DGS10,actual
2023-01-24,3.46,DGS10,actual
2023-01-25,3.46,DGS10,actual
2023-01-26,3.49,DGS10,actual
2023-01-27,3.52,DGS10,actual
2023-01-30,3.55,DGS10,actual
2023-01-31,3.52,DGS10,actual
2023-02-01,3.39,DGS10,actual
2023-02-02,3.4,DGS10,actual
2023-02-03,3.53,DGS10,actual
2023-02-06,3.63,DGS10,actual
2023-02-07,3.67,DGS10,actual
2023-02-08,3.63,DGS10,actual
2023-02-09,3.67,DGS10,actual
2023-02-10,3.74,DGS10,actual
2023-02-13,3.72,DGS10,actual
2023-02-14,3.77,DGS10,actual
2023-02-15,3.81,DGS10,actual
2023-02-16,3.86,DGS10,actual
2023-02-17,3.82,DGS10,actual
2023-02-20,,DGS10,actual
2023-02-21,3.95,DGS10,actual
2023-02-22,3.93,DGS10,actual
2023-02-23,3.88,DGS10,actual
2023-02-24,3.95,DGS10,actual
2023-02-27,3.92,DGS10,actual
2023-02-28,3.92,DGS10,actual
2023-03-01,4.01,DGS10,actual
2023-03-02,4.08,DGS10,actual
2023-03-03,3.97,DGS10,actual
2023-03-06,3.98,DGS10,actual
2023-03-07,3.97,DGS10,actual
2023-03-08,3.98,DGS10,actual
2023-03-09,3.93,DGS10,actual
2023-03-10,3.7,DGS10,actual
2023-03-13,3.55,DGS10,actual
2023-03-14,3.64,DGS10,actual
2023-03-15,3.51,DGS10,actual
2023-03-16,3.56,DGS10,actual
2023-03-17,3.39,DGS10,actual
2023-03-20,3.47,DGS10,actual
2023-03-21,3.59,DGS10,actual
2023-03-22,3.48,DGS10,actual
2023-03-23,3.38,DGS10,actual
2023-03-24,3.38,DGS10,actual
2023-03-27,3.53,DGS10,actual
2023-03-28,3.55,DGS10,actual
2023-03-29,3.57,DGS10,actual
2023-03-30,3.55,DGS10,actual
2023-03-31,3.48,DGS10,actual
2023-04-03,3.43,DGS10,actual
2023-04-04,3.35,DGS10,actual
2023-04-05,3.3,DGS10,actual
2023-04-06,3.3,DGS10,actual
2023-04-07,3.39,DGS10,actual
2023-04-10,3.41,DGS10,actual
2023-04-11,3.43,DGS10,actual
2023-04-12,3.41,DGS10,actual
2023-04-13,3.45,DGS10,actual
2023-04-14,3.52,DGS10,actual
2023-04-17,3.6,DGS10,actual
2023-04-18,3.58,DGS10,actual
2023-04-19,3.6,DGS10,actual
2023-04-20,3.54,DGS10,actual
2023-04-21,3.57,DGS10,actual
2023-04-24,3.52,DGS10,actual
2023-04-25,3.4,DGS10,actual
2023-04-26,3.43,DGS10,actual
2023-04-27,3.53,DGS10,actual
2023-04-28,3.44,DGS10,actual
2023-05-01,3.59,DGS10,actual
2023-05-02,3.44,DGS10,actual
2023-05-03,3.38,DGS10,actual
2023-05-04,3.37,DGS10,actual
2023-05-05,3.44,DGS10,actual
2023-05-08,3.52,DGS10,actual
2023-05-09,3.53,DGS10,actual
2023-05-10,3.43,DGS10,actual
2023-05-11,3.39,DGS10,actual
2023-05-12,3.46,DGS10,actual
2023-05-15,3.5,DGS10,actual
2023-05-16,3.54,DGS10,actual
2023-05-17,3.57,DGS10,actual
2023-05-18,3.65,DGS10,actual
2023-05-19,3.7,DGS10,actual
2023-05-22,3.72,DGS10,actual
2023-05-23,3.7,DGS10,actual
2023-05-24,3.73,DGS10,actual
2023-05-25,3.83,DGS10,actual
2023-05-26,3.8,DGS10,actual
2023-05-29,,DGS10,actual
2023-05-30,3.69,DGS10,actual
2023-05-31,3.64,DGS10,actual
2023-06-01,3.61,DGS10,actual
2023-06-02,3.69,DGS10,actual
2023-06-05,3.69,DGS10,actual
2023-06-06,3.7,DGS10,actual
2023-06-07,3.79,DGS10,actual
2023-06-08,3.73,DGS10,actual
2023-06-09,3.75,DGS10,actual
2023-06-12,3.73,DGS10,actual
2023-06-13,3.84,DGS10,actual
2023-06-14,3.83,DGS10,actual
2023-06-15,3.72,DGS10,actual
2023-06-16,3.77,DGS10,actual
2023-06-19,,DGS10,actual
2023-06-20,3.74,DGS10,actual
2023-06-21,3.72,DGS10,actual
2023-06-22,3.8,DGS10,actual
2023-06-23,3.74,DGS10,actual
2023-06-26,3.72,DGS10,actual
2023-06-27,3.77,DGS10,actual
2023-06-28,3.71,DGS10,actual
2023-06-29,3.85,DGS10,actual
2023-06-30,3.81,DGS10,actual
2023-07-03,3.86,DGS10,actual
2023-07-04,,DGS10,actual
2023-07-05,3.95,DGS10,actual
2023-07-06,4.05,DGS10,actual
2023-07-07,4.06,DGS10,actual
2023-07-10,4.01,DGS10,actual
2023-07-11,3.99,DGS10,actual
2023-07-12,3.86,DGS10,actual
2023-07-13,3.76,DGS10,actual
2023-07-14,3.83,DGS10,actual
2023-07-17,3.81,DGS10,actual
2023-07-18,3.8,DGS10,actual
2023-07-19,3.75,DGS10,actual
2023-07-20,3.85,DGS10,actual
2023-07-21,3.84,DGS10,actual
2023-07-24,3.86,DGS10,actual
2023-07-25,3.91,DGS10,actual
2023-07-26,3.86,DGS10,actual
2023-07-27,4.01,DGS10,actual
2023-07-28,3.96,DGS10,actual
2023-07-31,3.97,DGS10,actual
2023-08-01,4.05,DGS10,actual
2023-08-02,4.08,DGS10,actual
2023-08-03,4.2,DGS10,actual
2023-08-04,4.05,DGS10,actual
2023-08-07,4.09,DGS10,actual
2023-08-08,4.02,DGS10,actual
2023-08-09,4.0,DGS10,actual
2023-08-10,4.09,DGS10,actual
2023-08-11,4.16,DGS10,actual
2023-08-14,4.19,DGS10,actual
2023-08-15,4.21,DGS10,actual
2023-08-16,4.28,DGS10,actual
2023-08-17,4.3,DGS10,actual
2023-08-18,4.26,DGS10,actual
2023-08-21,4.34,DGS10,actual
2023-08-22,4.34,DGS10,actual
2023-08-23,4.19,DGS10,actual
2023-08-24,4.23,DGS10,actual
2023-08-25,4.25,DGS10,actual
2023-08-28,4.2,DGS10,actual
2023-08-29,4.12,DGS10,actual
2023-08-30,4.12,DGS10,actual
2023-08-31,4.09,DGS10,actual
2023-09-01,4.18,DGS10,actual
2023-09-04,,DGS10,actual
2023-09-05,4.27,DGS10,actual
2023-09-06,4.3,DGS10,actual
2023-09-07,4.27,DGS10,actual
2023-09-08,4.26,DGS10,actual
2023-09-11,4.29,DGS10,actual
2023-09-12,4.27,DGS10,actual
2023-09-13,4.25,DGS10,actual
2023-09-14,4.29,DGS10,actual
2023-09-15,4.33,DGS10,actual
2023-09-18,4.32,DGS10,actual
2023-09-19,4.37,DGS10,actual
2023-09-20,4.35,DGS10,actual
2023-09-21,4.49,DGS10,actual
2023-09-22,4.44,DGS10,actual
2023-09-25,4.55,DGS10,actual
2023-09-26,4.56,DGS10,actual
2023-09-27,4.61,DGS10,actual
2023-09-28,4.59,DGS10,actual
2023-09-29,4.59,DGS10,actual
2023-10-02,4.69,DGS10,actual
2023-10-03,4.81,DGS10,actual
2023-10-04,4.73,DGS10,actual
2023-10-05,4.72,DGS10,actual
2023-10-06,4.78,DGS10,actual
2023-10-09,,DGS10,actual
2023-10-10,4.66,DGS10,actual
2023-10-11,4.58,DGS10,actual
2023-10-12,4.7,DGS10,actual
2023-10-13,4.63,DGS10,actual
2023-10-16,4.71,DGS10,actual
2023-10-17,4.83,DGS10,actual
2023-10-18,4.91,DGS10,actual
2023-10-19,4.98,DGS10,actual
2023-10-20,4.93,DGS10,actual
2023-10-23,4.86,DGS10,actual
2023-10-24,4.83,DGS10,actual
2023-10-25,4.95,DGS10,actual
2023-10-26,4.86,DGS10,actual
2023-10-27,4.84,DGS10,actual
2023-10-30,4.88,DGS10,actual
2023-10-31,4.88,DGS10,actual
2023-11-01,4.77,DGS10,actual
2023-11-02,4.67,DGS10,actual
2023-11-03,4.57,DGS10,actual
2023-11-06,4.67,DGS10,actual
2023-11-07,4.58,DGS10,actual
2023-11-08,4.49,DGS10,actual
2023-11-09,4.62,DGS10,actual
2023-11-10,4.61,DGS10,actual
2023-11-13,4.63,DGS10,actual
2023-11-14,4.44,DGS10,actual
2023-11-15,4.53,DGS10,actual
2023-11-16,4.45,DGS10,actual
2023-11-17,4.44,DGS10,actual
2023-11-20,4.42,DGS10,actual
2023-11-21,4.41,DGS10,actual
2023-11-22,4.42,DGS10,actual
2023-11-23,,DGS10,actual
2023-11-24,4.47,DGS10,actual
2023-11-27,4.39,DGS10,actual
2023-11-28,4.34,DGS10,actual
2023-11-29,4.27,DGS10,actual
2023-11-30,4.37,DGS10,actual
2023-12-01,4.22,DGS10,actual
2023-12-04,4.28,DGS10,actual
2023-12-05,4.18,DGS10,actual
2023-12-06,4.12,DGS10,actual
2023-12-07,4.14,DGS10,actual
2023-12-08,4.23,DGS10,actual
2023-12-11,4.23,DGS10,actual
2023-12-12,4.2,DGS10,actual
2023-12-13,4.04,DGS10,actual
2023-12-14,3.92,DGS10,actual
2023-12-15,3.91,DGS10,actual
2023-12-18,3.95,DGS10,actual
2023-12-19,3.93,DGS10,actual
2023-12-20,3.86,DGS10,actual
2023-12-21,3.89,DGS10,actual
2023-12-22,3.9,DGS10,actual
2023-12-25,,DGS10,actual
2023-12-26,3.89,DGS10,actual
2023-12-27,3.79,DGS10,actual
2023-12-28,3.84,DGS10,actual
2023-12-29,3.88,DGS10,actual
2024-01-01,,DGS10,actual
2024-01-02,3.95,DGS10,actual
2024-01-03,3.91,DGS10,actual
2024-01-04,3.99,DGS10,actual
2024-01-05,4.05,DGS10,actual
2024-01-08,4.01,DGS10,actual
2024-01-09,4.02,DGS10,actual
2024-01-10,4.04,DGS10,actual
2024-01-11,3.98,DGS10,actual
2024-01-12,3.96,DGS10,actual
2024-01-15,,DGS10,actual
2024-01-16,4.07,DGS10,actual
2024-01-17,4.1,DGS10,actual
2024-01-18,4.14,DGS10,actual
2024-01-19,4.15,DGS10,actual
2024-01-22,4.11,DGS10,actual
2024-01-23,4.14,DGS10,actual
2024-01-24,4.18,DGS10,actual
2024-01-25,4.14,DGS10,actual
2024-01-26,4.15,DGS10,actual
2024-01-29,4.08,DGS10,actual
2024-01-30,4.06,DGS10,actual
2024-01-31,3.99,DGS10,actual
2024-02-01,3.87,DGS10,actual
2024-02-02,4.03,DGS10,actual
2024-02-05,4.17,DGS10,actual
2024-02-06,4.09,DGS10,actual
2024-02-07,4.09,DGS10,actual
2024-02-08,4.15,DGS10,actual
2024-02-09,4.17,DGS10,actual
2024-02-12,4.17,DGS10,actual
2024-02-13,4.31,DGS10,actual
2024-02-14,4.27,DGS10,actual
2024-02-15,4.24,DGS10,actual
2024-02-16,4.3,DGS10,actual
2024-02-19,,DGS10,actual
2024-02-20,4.27,DGS10,actual
2024-02-21,4.32,DGS10,actual
2024-02-22,4.33,DGS10,actual
2024-02-23,4.26,DGS10,actual
2024-02-26,4.28,DGS10,actual
2024-02-27,4.31,DGS10,actual
2024-02-28,4.27,DGS10,actual
2024-02-29,4.25,DGS10,actual
2024-03-01,4.19,DGS10,actual
2024-03-04,4.22,DGS10,actual
2024-03-05,4.13,DGS10,actual
2024-03-06,4.11,DGS10,actual
2024-03-07,4.09,DGS10,actual
2024-03-08,4.09,DGS10,actual
2024-03-11,4.1,DGS10,actual
2024-03-12,4.16,DGS10,actual
2024-03-13,4.19,DGS10,actual
2024-03-14,4.29,DGS10,actual
2024-03-15,4.31,DGS10,actual
2024-03-18,4.34,DGS10,actual
2024-03-19,4.3,DGS10,actual
2024-03-20,4.27,DGS10,actual
2024-03-21,4.27,DGS10,actual
2024-03-22,4.22,DGS10,actual
2024-03-25,4.25,DGS10,actual
2024-03-26,4.24,DGS10,actual
2024-03-27,4.2,DGS10,actual
2024-03-28,4.2,DGS10,actual
2024-03-29,,DGS10,actual
2024-04-01,4.33,DGS10,actual
2024-04-02,4.36,DGS10,actual
2024-04-03,4.36,DGS10,actual
2024-04-04,4.31,DGS10,actual
2024-04-05,4.39,DGS10,actual
2024-04-08,4.42,DGS10,actual
2024-04-09,4.36,DGS10,actual
2024-04-10,4.55,DGS10,actual
2024-04-11,4.56,DGS10,actual
2024-04-12,4.5,DGS10,actual
2024-04-15,4.63,DGS10,actual
2024-04-16,4.67,DGS10,actual
2024-04-17,4.59,DGS10,actual
2024-04-18,4.64,DGS10,actual
2024-04-19,4.62,DGS10,actual
2024-04-22,4.62,DGS10,actual
2024-04-23,4.61,DGS10,actual
2024-04-24,4.65,DGS10,actual
2024-04-25,4.7,DGS10,actual
2024-04-26,4.67,DGS10,actual
2024-04-29,4.63,DGS10,actual
2024-04-30,4.69,DGS10,actual
2024-05-01,4.63,DGS10,actual
2024-05-02,4.58,DGS10,actual
2024-05-03,4.5,DGS10,actual
2024-05-06,4.49,DGS10,actual
2024-05-07,4.47,DGS10,actual
2024-05-08,4.48,DGS10,actual
2024-05-09,4.45,DGS10,actual
2024-05-10,4.5,DGS10,actual
2024-05-13,4.48,DGS10,actual
2024-05-14,4.45,DGS10,actual
2024-05-15,4.36,DGS10,actual
2024-05-16,4.38,DGS10,actual
2024-05-17,4.42,DGS10,actual
2024-05-20,4.44,DGS10,actual
2024-05-21,4.41,DGS10,actual
2024-05-22,4.43,DGS10,actual
2024-05-23,4.47,DGS10,actual
2024-05-24,4.46,DGS10,actual
2024-05-27,,DGS10,actual
2024-05-28,4.54,DGS10,actual
2024-05-29,4.61,DGS10,actual
2024-05-30,4.55,DGS10,actual
2024-05-31,4.51,DGS10,actual
2024-06-03,4.41,DGS10,actual
2024-06-04,4.33,DGS10,actual
2024-06-05,4.29,DGS10,actual
2024-06-06,4.28,DGS10,actual
2024-06-07,4.43,DGS10,actual
2024-06-10,4.47,DGS10,actual
2024-06-11,4.39,DGS10,actual
2024-06-12,4.31,DGS10,actual
2024-06-13,4.24,DGS10,actual
2024-06-14,4.2,DGS10,actual
2024-06-17,4.28,DGS10,actual
2024-06-18,4.22,DGS10,actual
2024-06-19,,DGS10,actual
2024-06-20,4.25,DGS10,actual
2024-06-21,4.25,DGS10,actual
2024-06-24,4.25,DGS10,actual
2024-06-25,4.23,DGS10,actual
2024-06-26,4.32,DGS10,actual
2024-06-27,4.29,DGS10,actual
2024-06-28,4.36,DGS10,actual
2024-07-01,4.48,DGS10,actual
2024-07-02,4.43,DGS10,actual
2024-07-03,4.36,DGS10,actual
2024-07-04,,DGS10,actual
2024-07-05,4.28,DGS10,actual
2024-07-08,4.28,DGS10,actual
2024-07-09,4.3,DGS10,actual
2024-07-10,4.28,DGS10,actual
2024-07-11,4.2,DGS10,actual
2024-07-12,4.18,DGS10,actual
2024-07-15,4.23,DGS10,actual
2024-07-16,4.17,DGS10,actual
2024-07-17,4.16,DGS10,actual
2024-07-18,4.2,DGS10,actual
2024-07-19,4.25,DGS10,actual
2024-07-22,4.26,DGS10,actual
2024-07-23,4.25,DGS10,actual
2024-07-24,4.28,DGS10,actual
2024-07-25,4.27,DGS10,actual
2024-07-26,4.2,DGS10,actual
2024-07-29,4.17,DGS10,actual
2024-07-30,4.15,DGS10,actual
2024-07-31,4.09,DGS10,actual
2024-08-01,3.99,DGS10,actual
2024-08-02,3.8,DGS10,actual
2024-08-05,3.78,DGS10,actual
2024-08-06,3.9,DGS10,actual
2024-08-07,3.96,DGS10,actual
2024-08-08,3.99,DGS10,actual
2024-08-09,3.94,DGS10,actual
2024-08-12,3.9,DGS10,actual
2024-08-13,3.85,DGS10,actual
2024-08-14,3.83,DGS10,actual
2024-08-15,3.92,DGS10,actual
2024-08-16,3.89,DGS10,actual
2024-08-19,3.86,DGS10,actual
2024-08-20,3.82,DGS10,actual
2024-08-21,3.79,DGS10,actual
2024-08-22,3.86,DGS10,actual
2024-08-23,3.81,DGS10,actual
2024-08-26,3.82,DGS10,actual
2024-08-27,3.83,DGS10,actual
2024-08-28,3.84,DGS10,actual
2024-08-29,3.87,DGS10,actual
2024-08-30,3.91,DGS10,actual
2024-09-02,,DGS10,actual
2024-09-03,3.84,DGS10,actual
2024-09-04,3.77,DGS10,actual
2024-09-05,3.73,DGS10,actual
2024-09-06,3.72,DGS10,actual
2024-09-09,3.7,DGS10,actual
2024-09-10,3.65,DGS10,actual
2024-09-11,3.65,DGS10,actual
2024-09-12,3.68,DGS10,actual
2024-09-13,3.66,DGS10,actual
2024-09-16,3.63,DGS10,actual
2024-09-17,3.65,DGS10,actual
2024-09-18,3.7,DGS10,actual
2024-09-19,3.73,DGS10,actual
2024-09-20,3.73,DGS10,actual
2024-09-23,3.75,DGS10,actual
2024-09-24,3.74,DGS10,actual
2024-09-25,3.79,DGS10,actual
2024-09-26,3.79,DGS10,actual
2024-09-27,3.75,DGS10,actual
2024-09-30,3.81,DGS10,actual
2024-10-01,3.74,DGS10,actual
2024-10-02,3.79,DGS10,actual
2024-10-03,3.85,DGS10,actual
2024-10-04,3.98,DGS10,actual
2024-10-07,4.03,DGS10,actual
2024-10-08,4.04,DGS10,actual
2024-10-09,4.06,DGS10,actual
2024-10-10,4.09,DGS10,actual
2024-10-11,4.08,DGS10,actual
2024-10-14,,DGS10,actual
2024-10-15,4.03,DGS10,actual
2024-10-16,4.02,DGS10,actual
2024-10-17,4.09,DGS10,actual
2024-10-18,4.08,DGS10,actual
2024-10-21,4.19,DGS10,actual
2024-10-22,4.2,DGS10,actual
2024-10-23,4.24,DGS10,actual
2024-10-24,4.21,DGS10,actual
2024-10-25,4.25,DGS10,actual
2024-10-28,4.28,DGS10,actual
2024-10-29,4.28,DGS10,actual
2024-10-30,4.29,DGS10,actual
2024-10-31,4.28,DGS10,actual
2024-11-01,4.37,DGS10,actual
2024-11-04,4.31,DGS10,actual
2024-11-05,4.26,DGS10,actual
2024-11-06,4.42,DGS10,actual
2024-11-07,4.31,DGS10,actual
2024-11-08,4.3,DGS10,actual
2024-11-11,,DGS10,actual
2024-11-12,4.43,DGS10,actual
2024-11-13,4.44,DGS10,actual
2024-11-14,4.43,DGS10,actual
2024-11-15,4.43,DGS10,actual
2024-11-18,4.42,DGS10,actual
2024-11-19,4.39,DGS10,actual
2024-11-20,4.41,DGS10,actual
2024-11-21,4.43,DGS10,actual
2024-11-22,4.41,DGS10,actual
2024-11-25,4.27,DGS10,actual
2024-11-26,4.3,DGS10,actual
2024-11-27,4.25,DGS10,actual
2024-11-28,,DGS10,actual
2024-11-29,4.18,DGS10,actual
2024-12-02,4.19,DGS10,actual
2024-12-03,4.23,DGS10,actual
2024-12-04,4.19,DGS10,actual
2024-12-05,4.17,DGS10,actual
2024-12-06,4.15,DGS10,actual
2024-12-09,4.2,DGS10,actual
2024-12-10,4.22,DGS10,actual
2024-12-11,4.26,DGS10,actual
2024-12-12,4.32,DGS10,actual
2024-12-13,4.4,DGS10,actual
2024-12-16,4.39,DGS10,actual
2024-12-17,4.4,DGS10,actual
2024-12-18,4.5,DGS10,actual
2024-12-19,4.57,DGS10,actual
2024-12-20,4.52,DGS10,actual
2024-12-23,4.59,DGS10,actual
2024-12-24,4.59,DGS10,actual
2024-12-25,,DGS10,actual
2024-12-26,4.58,DGS10,actual
2024-12-27,4.62,DGS10,actual
2024-12-30,4.55,DGS10,actual
2024-12-31,4.58,DGS10,actual
2025-01-01,,DGS10,actual
2025-01-02,4.57,DGS10,actual
2025-01-03,4.6,DGS10,actual
2025-01-06,4.62,DGS10,actual
2025-01-07,4.67,DGS10,actual
2025-01-08,4.67,DGS10,actual
2025-01-09,4.68,DGS10,actual
